source,target
প্রোভেনসাল,ফরাসি
হিন্দ।,ইংরেজি <OR> হিন্দি
ফরাসি ভাষার নিমজ্জন,ফরাসি ভাষা <OR> ফরাসি <OR> ফরাসি ভাষা <OR> ফ্রাঙ্কোফোন <OR> ফ্রাঙ্কোফোন
স্ট্রোমসুন্ড পৌরসভা,সুইডিশ
অর্থডক্স গির্জা,বুলগেরিয়ান
উত্তর ওসেতিয়া-আলানিয়া,ওসেটি <OR> রুশ <OR> অসেতিয়ান
কুহমোইনেন,ফিনিশ
ইতালি,ইতালীয় ভাষা <OR> ইতালীয় ভাষা <OR> মানক ইতালীয় <OR> ইতালীয় ভাষা <OR> মানক ইতালীয় <OR> ইতালীয় <OR> ইতালীয়কৃত <OR> পুরাতন ইতালীয় <OR> ইতালীয় স্থানীয় ভাষা <OR> ইতালীয়কৃত
CL.,ইএস।
কস্কি টিএল,ফিনিশ
কান্নুসজারভি,ফিনিশ
আরজেপ্লগ পৌরসভা,সুইডিশ
লাক্সেমবার্গিশ,লুক্সেমবার্গ <OR> ফরাসি <OR> ফ্রাঙ্কোফোন
পাপুয়া বারাত,ইন্দোনেশিয়ান <OR> ইন্দোনেশিয়া
মার্কিন যুক্তরাষ্ট্র,ইংরেজি ভাষা <OR> ইংরেজি <OR> এংলিকাইজড
নাইজেরিয়ান,ইংরেজি
প্রাচীন গ্রীক,আলবেনিয়া <OR> সাইপ্রাস <OR> ইতালি <OR> গ্রীস
পির্ক্কালা,ফিনিশ
আরানিজ,কাতালান
উত্তর আটলান্টিক জোট,ফরাসি
থ.,থাই
কসোভো,সার্ব। <OR> সার্বিয়ান ভাষা <OR> সার্বিয়ান সিরিলিক <OR> শ্কিপ <OR> আলবেনিয়ান <OR> সার্বিয়ান <OR> আলবেনিয়ান ভাষায় কথা বলা <OR> আলবেনিয়ান ভাষা
ঐক্য,ইংরেজি ভাষা <OR> ইংরেজি <OR> ডাচ <OR> অ্যাংলোফোন
কিমিতোয়ন।,সুইডিশ <OR> ফিনিশ
ক্যানারি দ্বীপপুঞ্জ,স্প্যানিশ
রুান্ডা,কিন্যরওয়ান্ডা <OR> রুয়ান্ডা
নিউ জার্সি,ইংরেজি ভাষা <OR> ইংরেজি
তাইনিওনকোস্কি,ফিনিশ
ভিশি,ফরাসি
নিউফাউন্ডল্যান্ড,ইংরেজি ভাষা <OR> ইংরেজি
ক্লিভস ডিউকডম,ডাচ
ক্রাসনোইয়ার্সক ক্রাই,রুশ
অস্ট্রিয়া,ডিই। <OR> জার্মান <OR> জার্মানিক <OR> জার্মান ভাষা <OR> জার্মান-ভাষা
লস কন্টেম্পোরানিওস।,স্প্যানিশ
ইউরোপীয় মহাকাশ সংস্থা (ইসা),ইংরেজি <OR> ফরাসি
আখেমেনিডস,এলামite <OR> পুরাতন পার্সিয়ান
বোরিকেন,স্প্যানিশ
ইয়াকুতিয়া,রুশ
রিবাগোর্সা,কাতালান
কালিমান্তান তিমুর,ইন্দোনেশিয়ান <OR> ইন্দোনেশিয়া
আলবেনিয়া,আলবেনিয়ান ভাষাতত্ত্ব <OR> শ্কিপ <OR> আলবেনিয়ান <OR> আলবেনিয়ান ভাষা <OR> আলবেনিয়ান-ভাষী <OR> আলবেনিয়ান ভাষা
লিজে (প্রদেশ),ওয়ালুন <OR> ফরাসি
ডোনেৎস্ক অঞ্চল,ইউক্রেনীয় <OR> রুশ
কিয়েভান রুশ।,পুরাতন রুশ <OR> পূর্ব স্লাভিক <OR> পুরাতন পূর্ব স্লাভিক
তিমুরিদ,ফারসি
পালকানে,ফিনিশ
ইন্দোনেশিয়া,ইন্দোনেশিয়ান ভাষা <OR> ইন্দোনেশিয়ান <OR> ইন্দোনেশিয়ান ভাষা <OR> ইন্দোনেশিয়া
তোহোলামপি।,ফিনিশ
মাল্টিজ,ইউরোপীয় ইউনিয়ন <OR> মাল্টা <OR> ইংরেজি <OR> মাল্টিজ দ্বীপপুঞ্জ <OR> মাল্টিজ দ্বীপপুঞ্জ <OR> ইউরোপ <OR> ইইউ <OR> মাল্টিজ দ্বীপপুঞ্জ
হাওয়াই,হাওয়াইয়ান ভাষা <OR> ইংরেজি <OR> হাওয়াইয়ান <OR> স্থানীয় হাওয়াইয়ান
এসএমওএম,লাতিন
লগার প্রদেশ,দারি।
পোসিও,ফিনিশ
বাইজেন্টাইন সাম্রাজ্য,মধ্যযুগীয় গ্রীক <OR> মধ্যযুগীয় গ্রীক <OR> লাতিন
বনি মারঘনিন,আমাজিগ
সিআইএস দেশগুলি,রুশ ভাষা <OR> রুশ
ম্যানসেরক,ফিনিশ
চেক প্রজাতন্ত্র,চেক
আনাদির,চুকচি <OR> রুশ
বাইজেন্টাইনরা,মধ্যযুগীয় গ্রীক <OR> লাতিন
অরিভেসি,ফিনিশ
আদিগেহা,আদিগে ভাষা <OR> রুশ <OR> আদিগেহ <OR> চেরকেসিয়ান
মার্শালস,মার্শালিজ
তিভা,তুভান <OR> তুভিন। <OR> তুভা <OR> টিভান <OR> তুভিনিয়ান <OR> রুশ
রাজস্থান,মানক হিন্দি <OR> হিন্দি <OR> হিন্দি <OR> হিন্দি ভাষা <OR> হিন্দি ভাষা
মালয়,ইংরেজি
ইন্দোনেশীয় দ্বীপপুঞ্জ,ইন্দোনেশিয়া
ডাচ ভাষা ইউনিয়ন,ডাচ <OR> ডাচ ভাষা
কেপ ভার্দিয়ান,সাল
উলভিলা,ফিনিশ
ফরমেন্টেরা,স্প্যানিশ <OR> কাতালান
জার্মান-ভাষী সম্প্রদায়,জার্মানভাষী <OR> জার্মান ভাষা
রাউটজার্ভি,ফিনিশ
চাদ,ফরাসি
বর্গো,সুইডিশ <OR> সুইডিশ ভাষা <OR> ফিনিশ
এসএসএসআর,রুশ
পোলিশ জাতি,পোলিশ
বিশ্ব এস্পেরান্তো যুব সংগঠন,এস্পেরান্তো
ভিনসেন্টিয়ান,স্প্যানিশ
চেক প্রজাতন্ত্র,চেক ভাষা <OR> চেক <OR> চেক ভাষা <OR> চেক ভাষা
ফ্র যুগোস্লাভিয়া,সার্বিয়ান <OR> সার্বিয়ান সিরিলিক
পিএইচ,ফিলিপিনো
চিতা,রুশ
মেডিসি ফ্লোরেন্স,লাতিন
বায়ানো,পোর্তুগিজ
আছে,ইন্দোনেশিয়ান <OR> ইন্দোনেশিয়া <OR> আছেনিজ
এসইউআই,জার্মান
গ্রিক-ভাষা,সাইপ্রিয়ট <OR> গ্রীস <OR> সাইপ্রাস <OR> ইউরোপ
ফ্লোরেন্টাইন,লাতিন
বেলারুশিয়ান,রুশীকৃত <OR> রুশ <OR> বেলারুশিয়ান ভাষা
ইলিটর্নিও,ফিনিশ
প্যালেস্টাইনি অঞ্চলসমূহ,হিব্রু
আবাজা,কারাচায়-চেরকেসিয়া <OR> কারাচায়-চেরকেস প্রজাতন্ত্র <OR> কারাচায়–চেরকেস প্রজাতন্ত্র
এসসি,ইংরেজি
নেপালি সাহিত্য,নেপালি ভাষা <OR> নেপালি
যুগোস্লাভ,সার্বো-ক্রোয়েশিয়ান <OR> সার্বিয়ান
তানজানিয়া,সোয়াহিলি <OR> ইংরেজি ভাষা <OR> ইংরেজি <OR> সোয়াহিলি ভাষা <OR> কিসওয়াহিলি ভাষা <OR> সোয়াহিলি <OR> অ্যাংলোফোন <OR> কিসওয়াহিলি
উত্তর সুমাত্রা,ইন্দোনেশীয় <OR> ইন্দোনেশিয়া
ওডেসা,ইউক্রেনীয় <OR> রুশ
কিমি,ফিনিশ
বাহ্যিক মঙ্গোলিয়া,মঙ্গোল <OR> মঙ্গোলিয়ান
ডব্লিউটিও,ফরাসি
বিশ্বজনীন এস্পেরান্তো সমিতি,এস্পেরান্তো
আলাজার্ভি,ফিনিশ
সিয়েরা লিওন,ইংরেজি ভাষা <OR> ইংরেজি
রিউকিউস,সাহিত্যিক চীনা
সুইডেন–নরওয়ে,সুইডিশ <OR> নরওয়েজিয়ান
স্টকহোম,সুইডিশ
কেরালীরা,മലയാളം
সাখা প্রজাতন্ত্র,রুশ
বুর্কিনাবি,ফরাসি
ইনকা,কেচুয়া
চেকোস্লোভাক,চেক ভাষা <OR> চেক <OR> চেক ভাষা <OR> স্লোভাক
বুলগেরিয়ান অর্থোডক্স চার্চ,বুলগেরিয়ান ভাষা <OR> বুলগেরিয়ান
নর্ড,ডাচ
বিশেষ পৌরসভা,ডাচ
লাপ্পাজারভি,ফিনিশ
হেইলুতো,ফিনিশ
তাতারস্তান,ভলগা তাতার <OR> তাতার ভাষা <OR> তাতার <OR> রুশ <OR> তাতার ভাষা
চীন,গুয়ো। <OR> মানচু <OR> ক্যানটোনিজ <OR> তিব্বতি <OR> খালখা মঙ্গোলিয়ান <OR> পুতংহুয়া <OR> মানক তিব্বতি <OR> চীনা ভাষা <OR> ম্যান্ডারিন চীনা <OR> মঙ্গোলিয়ান ভাষা <OR> মঙ্গোলিয়ান <OR> খালখা-মঙ্গোলিয়ান <OR> সরলীকৃত চীনা <OR> চীনা <OR> ম্যান্ডারিন <OR> প্রথাগত চীনা <OR> মানচু ভাষা <OR> মঙ্গোল <OR> চীনা ভাষা <OR> মানক ম্যান্ডারিন <OR> আধুনিক মানক চীনা <OR> মঙ্গোলিয়ান ভাষা <OR> মানক চীনা <OR> তিব্বতি ভাষা
ফিনিশ অর্থোডক্স গির্জা,ফিনিশ
উত্তর আটলান্টিক চুক্তি সংস্থা (ন্যাটো),ইংরেজি <OR> ফরাসি
বাস্কোর্ত,বাস্কোর্তোস্তান
অক্রোটিরি,ইংরেজি
কারুজ,ফরাসি
জনক্কালা,ফিনিশ
রুশ প্রজাতন্ত্র,রুশ
ওয়েলসের প্রিন্সিপ্যালিটি,ওয়েলশ
টাম্মারফোর্স,ফিনিশ
স্লোভেনিয়া,স্লোভেনীয় ভাষা <OR> স্লোভেনীয় ভাষা <OR> স্লোভেনিয়ান ভাষা <OR> স্লোভেনীয় <OR> স্লোভেনীয় ভাষা <OR> স্লোভেনিয়ান
তেউভা,ফিনিশ
কুমলিঙ্গে,সুইডিশ
ফকল্যান্ড দ্বীপপুঞ্জ,ইংরেজি
ল'আইল,ফরাসি
আরএসএফএসআর,রুশ
চিং রাজবংশ,চীনা
ফরাসি দক্ষিণ ও অ্যান্টার্কটিক অঞ্চল,ফরাসি
পিএমআর,মলদোভান <OR> রুশ <OR> মলদোভা
সিএ।,ইংরেজি
টিএএএফ,ফরাসি
"ভেজাক, ডরডোন।",ফরাসি
ফ্লেমিশ কমিউনিটি,ডাচ
লামোনে,ইতালীয়
কঙ্গো প্রজাতন্ত্র,ফরাসি
পুয়োলাঙ্কা,ফিনিশ
কেবেকোইজ,ফরাসি
গ্রীস,আধুনিক গ্রীক
উসিকaupunki,ফিনিশ
আপসালা,সুইডিশ
জুভাস্কুলা,ফিনিশ
ফিলিপাইন দ্বীপপুঞ্জ,পিলিপিনো <OR> ইংরেজি <OR> ফিলিপিনো
স্প্যানিশ উপনিবেশিক সাম্রাজ্য,স্প্যানিশ
বজন,ইংরেজি
ইউরোপ,NL <OR> আইরিশ ভাষা <OR> ফিনিশ <OR> ফরাসি <OR> লাতভিয়ান ভাষা <OR> ফ্রাঙ্কোফোন <OR> জার্মান ভাষা <OR> গ্রিক ভাষা <OR> চেক <OR> শব্দশব্দে ইংরেজি <OR> সুইডিশ <OR> ফরাসি ভাষা <OR> ডাচ ভাষা <OR> ইতালীয় ভাষা <OR> ইংরেজি ভাষা <OR> পোর্তুগিজ <OR> এফআর <OR> ফরাসি ভাষা <OR> গ্রিক <OR> ড্যানিশ <OR> স্লোভাক <OR> এস্তোনিয়ান <OR> লিথুয়ানিয়ান ভাষা <OR> রোমানিয়ান <OR> স্প্যানিশ <OR> ইংরেজি <OR> ক্রোয়েশিয়ান <OR> মাল্টিজ <OR> স্লোভেনীয় <OR> স্প্যানিশ ভাষা <OR> জার্মান ভাষা <OR> লাতভিয়ান <OR> অ্যাংলোফোন <OR> লিথুয়ানিয়ান <OR> অ্যাংলোফোন <OR> বুলগেরিয়ান <OR> হাঙ্গেরিয়ান <OR> ডাচ <OR> পোলিশ <OR> ডিই। <OR> পোলিশ ভাষা <OR> ইতালীয় <OR> ব্রিটিশ ইংরেজি <OR> আইরিশ
বসনিয়া ও হার্জেগোভিনার ফেডারেশন,ক্রোয়েশিয়ান <OR> সার্বিয়ান
সিপু,সুইডিশ <OR> ফিনিশ ভাষা <OR> ফিনিশ
আলাস্কা,ইংরেজি
হন্ডুরাস,স্প্যানিশ <OR> হিস্পানিক <OR> স্প্যানিশ ভাষা
কেপ ভার্দে দ্বীপপুঞ্জ,পোর্তুগিজ
হুয়েহুয়েতেনাঙ্গো,অওকাটেক। <OR> আকাটেক। <OR> অগুয়াকাটেকো <OR> ম্যাম। <OR> চুজ।
"রাউমা, ফিনল্যান্ড।",ফিনিশ
ভেইরিয়ার,ফরাসি
লিয়েতো।,ফিনিশ
"আই, ফিনল্যান্ড।",ফিনিশ
মস্কো গাণিতিক সমাজ,রুশ
সাদা রাশিয়া,বেলারুশিয়ান
ওয়ালোনিয়া,ফরাসি ভাষা <OR> ফরাসি <OR> ফরাসি ভাষা <OR> ফ্রাঙ্কোফোন <OR> ফ্রাঙ্কোফোন
কানাডা,ফরাসি ভাষা <OR> এংলিকাইজড <OR> ইএন <OR> এংলিকাইজড <OR> ফরাসি ভাষা <OR> অ্যাংলো <OR> ইংরেজি ভাষা <OR> ইংরেজি <OR> ফরাসি <OR> আধুনিক ইংরেজি <OR> ফরাসি ভাষা <OR> ফ্রাঙ্কোফোনি <OR> ফ্রাঙ্কোফোন <OR> ফরাসি ভাষা <OR> অ্যাংলোফোন <OR> ফরাসি ভাষা <OR> অ্যাঙ্গ্লোফোন <OR> ফ্রাঙ্কোফোন
কুহমো।,ফিনিশ
হন্ডুরিয়ানরা,স্প্যানিশ
মোজাম্বিক,পোর্তুগিজ
খমের,খমের ভাষা
সার্বো-মন্টেনেগ্রিন,সার্বিয়ান
রাশিয়া এসএসআর,রুশ
অর্কিশ,কালো ভাষা
রেনেন্স।,ফরাসি ভাষা <OR> ফ্রাঙ্কোফোন
উত্তর সুমাত্রা,ইন্দোনেশিয়ান ভাষা <OR> ইন্দোনেশিয়ান <OR> মিনাংকাবাউ ভাষা <OR> ইন্দোনেশিয়া
হাঙ্গো,সুইডিশ <OR> ফিনিশ
সাকুলা,ফিনিশ
নুমেলা,ফিনিশ
হাইতি,হাইতিয়ান ক্রেওল <OR> ফরাসি
ঐক্যবদ্ধ প্রদেশসমূহ,উর্দু <OR> হিন্দি
স্লোভেনীয় ভাষা,স্লোভেনিয়ান <OR> স্লোভেনিয়া
জর্জিয়ান অর্থোডক্স খ্রিস্টান,জর্জিয়ান
লেহেনডাকারি,স্প্যানিশ <OR> বাস্ক
কাতালানরা,স্প্যানিশ <OR> কাতালান <OR> কাতালান ভাষা
স্টাভ্রোপোল ক্রাই,রুশ
ভিশি যুগ,ফরাসি
গুয়াতেমালা,কাস্তিলিয়ান <OR> স্প্যানিশ <OR> স্প্যানিশ ভাষার <OR> স্প্যানিশ ভাষা
"কেবেক সিটি, কেবেক।",ফরাসি ভাষা <OR> ফরাসি ভাষা <OR> ফরাসি <OR> ফ্রাঙ্কোফোন
ফরাসি ইতিহাসবিদ,ফরাসি
তুভা প্রজাতন্ত্র,তুভান <OR> রুশ
মর্ডোভিয়া,রুশ ভাষা <OR> এর্জ্যা। <OR> মোক্ষ ভাষা <OR> এর্জ্যা ভাষা <OR> রুশ <OR> এর্জ্যা ভাষা <OR> মোক্ষ
ওউলুনসালো,ফিনিশ
অলিকান্তে,স্প্যানিশ <OR> ভ্যালেন্সিয়ান
জুরা বার্নোইস প্রশাসনিক জেলা,ফরাসি
কেইটেলে,ফিনিশ
ব্রিটিশ কলম্বিয়া,ইংরেজি ভাষা <OR> ইংরেজি
আমেজ্জাও।,আমাজিগ
তুরস্ক,অটোমান তুর্কি <OR> তুর্কি <OR> তুর্কিক <OR> আধুনিক তুর্কী <OR> অটোমান <OR> তুর্কি ভাষা <OR> তুর্কি ভাষা
সবুজ কেপ,পোর্তুগিজ
ফ্রান্স,ফরাসি
পুহাজোকি,ফিনিশ
ব্রুনেই দারুসসালাম,মালয়
নরম্যান্ডি,নরম্যান ভাষা <OR> নরম্যান <OR> লাতিনাইজড <OR> লাতিন
মার্কিন যুক্তরাষ্ট্র,পুরাতন ইংরেজি <OR> এংলিকাইজড <OR> ইএন <OR> অ্যাঙ্গ্লিকাইজড <OR> এংলিকাইজড <OR> ইংরেজি ভাষা <OR> ইংরেজি <OR> অ্যাংলোফোনস <OR> আধুনিক ইংরেজি <OR> অ্যাঙ্গ্লোফোন <OR> অ্যাংলোফোন
ফরাসি-আর্মেনিয়ান,ফরাসি ভাষা <OR> ফরাসি
ট্রান্সনিস্ট্রিয়ান প্রজাতন্ত্র,রুশ <OR> মলদোভা
নিলসিয়া,ফিনিশ
সিকালাত্ব,ফিনিশ
কার্কোলা,ফিনিশ
উত্তর প্রদেশ,মানক হিন্দি <OR> উর্দু <OR> হিন্দি <OR> উর্দু ভাষা <OR> হিন্দি ভাষা
নাফটা,স্প্যানিশ <OR> ফরাসি
ইউক্রেনীয় সমাজতান্ত্রিক সোভিয়েত প্রজাতন্ত্র,ইউক্রেনীয় <OR> রুশ ভাষা
ক্রাসনোডার ক্রাই,রুশ
বার্নিজ জুরা,ফরাসি ভাষা <OR> ফরাসি
বোলহ্রাদ রায়ন,ইউক্রেনীয়
স্প্যানিশ উপনিবেশিক যুগ,স্প্যানিশ <OR> স্প্যানিশ ভাষা
খান্তি–মান্সিা,রুশ <OR> খান্তি <OR> মানসী
ইলোমান্তসি,ফিনিশ
চুকোটকা স্বায়ত্তশাসিত ওক্রুগ,চুকচি <OR> চুকচি <OR> রুশ
বার্গস কমিউন,সুইডিশ
গাম্বিয়া,ইংরেজি
বোলশেভিক,রুশ
খোরাসান,মধ্য পার্সিয়ান <OR> ফারসি <OR> ফারসি ভাষা
মধ্য আফ্রিকান প্রজাতন্ত্র,সঙ্গো <OR> ফরাসি <OR> সংঘো
বেঙ্গকুলু,ইন্দোনেশীয় <OR> মধ্য মালয় <OR> ইন্দোনেশিয়া
সত্তুঙ্গা,সুইডিশ
মাল্টিজ ভাষা,মাল্টা <OR> ইইউ
হিন্দুস্তান,হিন্দি
সিকাজোকি,ফিনিশ
"កម្ពុជា translates to ""កម្ពុជា"" in Bengali as well. However, if you meant to translate the name ""Cambodia"" into Bengali, it would be ""কাম্বোডিয়া"".",খমের
টেনেসি,ইংরেজি
ডিপিআরকে,উত্তর কোরীয়
ফরাসি কানাডিয়ান,ফরাসি
আপল্যান্ডস-ব্রো পৌরসভা,সুইডিশ
ক্রাসনোইয়ার্সক অঞ্চল,রুশ
কার্ভিয়া,ফিনিশ
হায়দ্রাবাদ শহর,উর্দু
নেদারল্যান্ডস,NL <OR> ডাচ <OR> ডাচ ভাষা <OR> ডাচ ভাষা <OR> ডাচ ভাষা
রেইসিও,ফিনিশ
চেকোস্লোভাকিয়া,চেক ভাষা <OR> স্লোভাক ভাষা <OR> স্লোভাক <OR> স্লোভাক ভাষা <OR> স্লোভাকিয়ান <OR> চেক
শিমলা,হিন্দি
নেমসেক কমিউনিটি,ভ্যালেন্সিয়ান
দক্ষিণ আফ্রিকা,ভেন্ডা <OR> সেৎসোয়ানা <OR> সেটসওয়ানা <OR> ভেন্ডা ভাষা <OR> আফ্রিকান্স ভাষা <OR> স্বাতী <OR> ছোঙ্গা <OR> সিসওয়াতি <OR> সেসোথো ভাষা <OR> টসওয়ানা <OR> সোথো <OR> টশিভেন্ডা <OR> উত্তর সোথো <OR> ইসিXhosa <OR> ইংরেজি ভাষা <OR> সে সোথো <OR> জুলু <OR> দক্ষিণ সোথো <OR> সোথো ভাষা <OR> ইসিজুলু <OR> জুলু ভাষা <OR> স্বাজি <OR> শাঙ্গান <OR> সিসওয়াতি <OR> ইংরেজি <OR> সেপেডি <OR> জিক্সোনগা <OR> সিসওয়াতি <OR> অ্যাংলোফোন <OR> ঝোশা ভাষা <OR> উত্তর সোথো <OR> আফ্রিক <OR> আফ্রিকান্স <OR> জোশা <OR> স্বাতী ভাষা <OR> ছোঙ্গা ভাষা <OR> সেসোথো <OR> উত্তর সোথো ভাষা <OR> টসওয়ানা ভাষা
ইস্টার দ্বীপ,স্প্যানিশ
সাহরাওয়ি আরব গণতান্ত্রিক প্রজাতন্ত্র,স্প্যানিশ
পাদাসজোকি,ফিনিশ
কলারি,ফিনিশ
উদমুর্ত,রুশ
অন্নম।,ভিয়েতনামী
"চিয়াসো, সুইজারল্যান্ড।",ইতালীয়
পেরুর প্রজাতন্ত্র,স্প্যানিশ <OR> কেচুয়া
অ্যাঙ্গোলা,পোর্তুগিজ ভাষা <OR> পোর্তুগিজ ভাষা <OR> পোর্তুগিজ
এসই,সুইডিশ
আরুবা,ডাচ <OR> ডাচ ভাষা <OR> পাপিয়ামেন্টো <OR> ডাচ ভাষা <OR> পাপিয়ামেন্টু
গার্নসি,ইংরেজি ভাষা <OR> ইংরেজি <OR> ফরাসি
স্লোভেনীয় ভাষা,স্লোভেনিয়া
রুশ অধ্যয়ন,রুশ ভাষা
বার্ন,জার্মান-ভাষা <OR> ফরাসি <OR> জার্মান ভাষা
গাগাউজ,রুশ
বেলারুশিয়ান এসএসআর,রুশ
জুলুল্যান্ড,জুলু ভাষা
সাভোনলিন্না,ফিনিশ ভাষা <OR> ফিনিশ
একাডেমিস্কা ডামকোরেন লিরান,সুইডিশ
ফারো আইল্যান্ডস,ফারোইজ
ইনারি পৌরসভা,ফিনিশ
আর্জেন্টিনীয়,স্প্যানিশ
কিটি।,ফিনিশ
বেদানো,ইতালীয়
আজাদ কাশ্মীর,উর্দু <OR> ইংরেজি
হামারল্যান্ড।,সুইডিশ
ভ্যাটিকান সিটি,ইতালীয় ভাষা <OR> ইতালীয়
সুইডেন-নরওয়ে,সুইডিশ
জাম্বি,মালয় <OR> ইন্দোনেশিয়ান <OR> ইন্দোনেশিয়া
আদিগেয়া,পশ্চিম চেরকেসিয়ান <OR> রুশ <OR> আদিগেহ <OR> চেরকেসিয়ান
বুরিয়াতিয়া,রুশ
সিয়েরা লিওনীয়ান,ইংরেজি
ইউরোপীয় সম্প্রদায়,স্প্যানিশ <OR> ইতালীয়
ফরাসি সম্প্রদায়,ফরাসি
কিয়োতো প্রিফেকচার,জাপান
সাইপ্রাস,তুর্কি <OR> আধুনিক গ্রীক ভাষা
ক্রুসেডার রাজ্য,লাতিন
কেপ ভার্দে,কেপভার্দিয়ান ক্রিওলো <OR> সান্তো আন্তাও ক্রিওলো <OR> সাল <OR> সান্তো আন্তাও <OR> সাও ভিসেন্টে <OR> কেপ ভার্দিয়ান ক্রিওল <OR> পোর্তুগিজ <OR> সাও ভিসেন্তে ক্রিওলো <OR> ক্রেওল <OR> পোর্তুগিজ ভাষা
কিভিজারভি,ফিনিশ
ইল দে ফ্রান্স,ফরাসি
কোমি।,রুশ
আলতাই অঞ্চল,রুশ
ক্যামেরুন,ইংরেজি <OR> ফরাসি <OR> অ্যাংলোফোনস <OR> ফ্রাঙ্কোফোন <OR> অ্যাংলোফোন <OR> অ্যাংলোফোন <OR> ফ্রাঙ্কোফোন
লেস্টিজার্ভি,ফিনিশ
মলদোভা,মলদোভান
মধ্য আফ্রিকা,সঙ্গো <OR> ফরাসি
ক্যানারি দ্বীপপুঞ্জ,স্প্যানিশ
লইমা,ফিনিশ
না।,নরওয়েজিয়ান (নাইনর্স্ক) <OR> নতুন নরওয়েজিয়ান
আলাকান্ত,স্প্যানিশ <OR> ভ্যালেন্সিয়ান
বুলগেরিয়ান গির্জা,বুলগেরিয়ান ভাষা <OR> বুলগেরিয়ান
টর্নো,ফিনিশ
ক্রাসনোইয়ার্সক,রুশ
উত্তর-পূর্ব ব্রাজিল,পোর্তুগিজ
ক্যাসলানো,ইতালীয়
পলিনেশিয়ান,ফরাসি
স্প্যানিশ উপনিবেশীকরণ,স্প্যানিশ
মিক্কেলি,ফিনিশ ভাষা <OR> ফিনিশ
বাইজেন্টাইন সম্রাটগণ,লাতিন
কাতালুনিয়া,স্প্যানিশ
আর্গাউ,জার্মান ভাষা
কঙ্গো,ফরাসি
বাঘলান প্রদেশ,দারি।
ভেভে,ফরাসি
এসআরভি,ভিয়েতনামী
মিস ইউনিভার্স,ইংরেজি
আমেরিকান,এংলিকাইজড <OR> ইএন <OR> এংলিকাইজড <OR> ইংরেজি ভাষা <OR> ইংরেজি <OR> ব্রিটিশ ইংরেজি <OR> অ্যাংলোফোন <OR> অ্যাংলোফোন
হুয়েহুয়েতেনাঙ্গো বিভাগ,অওকাটেক। <OR> আকাটেক। <OR> চুজ। <OR> জাকালটেক
ফোগলো,সুইডিশ
ওবারল্যান্ড,জার্মান ভাষা
মহাজের,আমাজিগ
বেলিজ,ইংরেজি <OR> অ্যাংলোফোন <OR> অ্যাংলোফোন
আছেহ বিশেষ অঞ্চল (নাংগ্রো আছেহ দারুসসালাম),ইন্দোনেশীয়
মলদোভিয়ান,রোমানিয়ান
বুলগেরিয়া,মধ্যযুগীয় গ্রীক <OR> মধ্যযুগীয় গ্রীক <OR> মানক বুলগেরিয়ান। <OR> পুরাতন গির্জা স্লাভনিক <OR> বুলগেরিয়ান ভাষা <OR> পুরাতন বুলগেরিয়ান <OR> বুলগেরিয়ান সাইরিলিক <OR> বুলগেরিয়ান-ভাষা <OR> মানক বুলগেরিয়ান <OR> বুলগেরিয়ান <OR> বাইজেন্টাইন গ্রীক
প্রোভেন্স,ফরাসি ভাষা <OR> ফরাসি
জেনেভোয়া,ফরাসি
হার্তোলা (ফিনল্যান্ড),ফিনিশ
জাইরীয়ান,ফরাসি
রোমান সাম্রাজ্য,লাতিন ভাষা <OR> গ্রীক ভাষা <OR> লাতিন <OR> গ্রিক <OR> লাতিন ভাষা
পাইমিও,ফিনিশ
বোলশেভিক রাশিয়া,রুশ
ইউকন টেরিটরি,এংলিকাইজড
ভারতীয় দ্বীপপুঞ্জ,ইংরেজি
নাজিরা,জার্মান ভাষা <OR> জার্মান ভাষা
স্টালিনো,ইউক্রেনীয় <OR> রুশ
রবার্ট বেন ম্যাডিসন,টালোসান
ইউক্রেনীয়রা,ইউক্রেনীয়
ভিশি ফ্রান্স,ফরাসি
এস্তল্যান্ড,এস্তোনিয়ান
অস্ট্রেলিয়া,ইংরেজি ভাষা <OR> ইংরেজি <OR> অ্যাংলোফোন <OR> অ্যাংলো
অর্বে।,ফরাসি
ভুটান,জোংখা <OR> জোংখা <OR> Dzongkha ভাষা
ছত্তিশগড়,ছত্তিশগড়ী
মস্কোভাইট রাশিয়া,রুশ
ইউজোভকা,রুশ ভাষা
মারী এল,মেডো মেরি <OR> রুশ
সম্রাট চীন,চীনা
লিমিঙ্কা,ফিনিশ
"গেটা, অ্যাল্যান্ড।",সুইডিশ
অ্যাবয়ে,ফরাসি
নিউজিল্যান্ড,ইংরেজি <OR> নিউজিল্যান্ড সাইন ল্যাঙ্গুয়েজ
পশ্চিম বাস্ক দেশ,স্প্যানিশ
ট্রাউগাউট,আমাজিগ
অটোমান রাজবংশ,অটোমান তুর্কি
সার্বিয়ান,সার্বিয়ান সিরিলিক
কিরুনা,সুইডিশ <OR> ফিনিশ
গায়ানিজ,ইংরেজি ভাষা <OR> ইংরেজি
মহারাষ্ট্র,মারাঠি <OR> মারাঠি ভাষা
জেলা কেন্দ্রীয়,স্প্যানিশ
সোভিয়েত আজারবাইজান,আজারবাইজানী <OR> রুশ
লেপ্পাভির্তা,ফিনিশ
কাল্মিকিয়া,রুশ <OR> কাল্মিক
আইএইএএ।,রুশ
কঙ্গো-কিনশাসা,ফরাসি
সোভিয়েত যুগ,রুশ
পানামার জন্মগ্রহণকারী,স্প্যানিশ
হংকং,ইংরেজি ভাষা <OR> ইংরেজি <OR> চীনা <OR> লিখিত চীনা <OR> অ্যাংলোফোন
লিপেরি,ফিনিশ
রুয়ান্ডার,ইংরেজি <OR> ফরাসি
কসোভো,সার্বিয়ান
স্বায়ত্তশাসিত প্রদেশ,সার্বিয়ান <OR> সার্বিয়ান সিরিলিক
তুভালু,ইংরেজি <OR> তুভালু <OR> তুভালুয়ান
কসোভোবাসী,সার্বিয়ান
কমিউনার্ড,ফরাসি
সালভাডোরীয়,স্প্যানিশ <OR> স্প্যানিশ ভাষা <OR> স্প্যানিশ ভাষা
বাসা,সুইডিশ <OR> সুইডিশ ভাষাভাষী <OR> ফিনিশ
সাভোইয়া,ফরাসি
ইলমাজোকি,ফিনিশ
সলনা পৌরসভা,সুইডিশ
হাঙ্কো।,সুইডিশ <OR> ফিনিশ
ব্রুনেই,মালয়
কেবেক সিটি,ফরাসি
অ্যান্টিলস,ডাচ
আমেরিকার আর্মেনিয়ান জাতীয় কমিটি,আর্মেনিয়ান
সুইজারল্যান্ডের কনফেডারেশন,ইতালীয় <OR> ফরাসি
কাল্মিকিয়া,কাল্মিক ভাষা <OR> কাল্মিক ওইরাত <OR> রুশ <OR> কালমিক
বেলারুশিয়ান সোভিয়েত সমাজতান্ত্রিক প্রজাতন্ত্র,রুশ <OR> বেলারুশিয়ান
এইচকে,ইংরেজি
ডাউন আন্ডার,ইংরেজি
আইরিশ,আইরিশ ভাষা <OR> ইংরেজি <OR> পুরাতন আইরিশ <OR> গেলিক <OR> প্রারম্ভিক আধুনিক আইরিশ
বিআইএইচ,ক্রোয়েশিয়ান
জিংফাও,কাচিন রাজ্য
টিইউআর,তুর্কি
স্লোভেনীয়,ইউরোপীয় ইউনিয়ন <OR> স্লোভেনিয়া <OR> ইউরোপ <OR> ইইউ <OR> স্লোভেনিয়ান <OR> স্লোভেনিয়া
ব্রিটিশ উপনিবেশ,চীনা
গ্রেট হোয়াইট নর্থ,ইংরেজি
যুক্তরাজ্য,ইংরেজি
স্ট্যাটিয়া,ডাচ
জারিস্ট রাশিয়া,রুশ
পেল্লো,ফিনিশ
পোর্ট ক্ল্যারেন্স,স্প্যানিশ
মেক্সিকো প্রজাতন্ত্র,স্প্যানিশ
হারজেডালেন পৌরসভা,সুইডিশ
বুলগেরিয়ান প্যাট্রিয়ার্কেট,বুলগেরিয়ান
জার্মান-ভাষী সম্প্রদায় অফ বেলজিয়াম,জার্মান ভাষা
সিঙ্গাপুর শহর,মালয় <OR> தமிழ்
চিলি,স্প্যানিশ ভাষার <OR> হিস্পানো <OR> স্প্যানিশ <OR> চিলিয়ান স্প্যানিশ <OR> স্প্যানিশ ভাষা <OR> স্প্যানিশ ভাষা <OR> হিস্পানিক
নরওয়ে,ল্যান্ডসমål <OR> কভেন <OR> সামি <OR> নাইনর্স্ক <OR> নাইনর্স্ক <OR> উত্তর সামি <OR> নরওয়েজিয়ান নাইনর্স্ক <OR> সামি ভাষা <OR> সামি ভাষাসমূহ <OR> নতুন নরওয়েজিয়ান <OR> সামি <OR> কভেন ভাষা
কেসালাহতি,ফিনিশ
ক্রিস্টিনেস্টাড।,সুইডিশ <OR> ফিনিশ
পারস্য,ফারসি ভাষা <OR> প্রাচীন গ্রীক <OR> গ্রীক <OR> ফারসি <OR> পুরাতন পার্সিয়ান
মাল্টা,মাল্টিজ <OR> ইংরেজি <OR> ইংরেজি ভাষা <OR> মাল্টিজ ভাষা
রাসেবর্গ,সুইডিশ <OR> ফিনিশ
"কেসক্লিন, তাল্লিন।",এস্তোনিয়ান
বুরিয়াতিয়া,রুশ
ওলাদ বুবকার,আমাজিগ
কলঞ্জ-বেল্লেরিভ,ফরাসি
ইউক্রেন এসএসআর,রুশ
কসসোনে,ফরাসি
হাঙ্কাসালমি,ফিনিশ
টিসিনিজ,ইতালীয় <OR> ইতালীয় উপভাষাসমূহ।
হাপারান্তা,সুইডিশ <OR> ফিনিশ
মানচু রাজবংশ,চীনা <OR> মঙ্গোলিয়ান
ইউক্রেনীয় সোভিয়েত সরকার,রুশ
চুভাশ প্রজাতন্ত্র,চুভাশ <OR> রুশ
ফ্রাঙ্কিশ,গ্রিক
রোমান সাম্রাজ্য,লাতিন
লুগানো,ইতালীয় ভাষা <OR> ইতালীয়
কাসজুবি,কাশুবিয়ান
বার্ন ক্যান্টন,ফরাসি
মোজাম্বিক,পোর্তুগিজ
নক্কিলা,ফিনিশ
ভ্যালেন্সিয়ানরা,স্প্যানিশ <OR> কাতালান <OR> কাতালান ভাষা <OR> ভ্যালেন্সিয়ান
কাজাখস্তান,কাজাখ <OR> কাজ <OR> কাজাক <OR> কাজাখ ভাষা
উরাইনেন।,ফিনিশ
ভ্যাটিকান,ইতালীয় <OR> লাতিন
অ্যালাবামা,ইংরেজি
জেলাজু,স্প্যানিশ
ইনকা সাম্রাজ্য,কেচুয়া
দাইকুন্ডি,দারি
পূর্ব ভারতীয়,হিন্দি
আইএএএফ,ইংরেজি ভাষা <OR> ইংরেজি <OR> ফরাসি
স্বায়ত্তশাসিত প্রদেশ কসোভো এবং মেতোহিজা,সার্বিয়ান
বাসেল-ল্যান্ডশাফট,জার্মান-ভাষা
সেবাস্তোপল,ইউক্রেনীয় <OR> রুশ
আখেমেনীয়,প্রাচীন গ্রীক <OR> পুরাতন পার্সিয়ান
তাইভাসালো,ফিনিশ
ওয়েলশম্যান,ইংরেজি <OR> ওয়েলশ
কংগ্রেস পোল্যান্ড,পোলিশ <OR> রুশ
আইরিশ,ইংরেজি <OR> আইরিশ
পারস্য সাম্রাজ্য,প্রাচীন গ্রীক <OR> প্রাচীন গ্রীক ভাষা
লিথুয়ানিয়া,লিথুয়ানিয়ান
কির্ককোনুমি,সুইডিশ <OR> ফিনিশ
ফ্লোরেন্স,লাতিন
লাহতি,ফিনিশ
উত্তর ফ্রান্স,ফরাসি
ইত্তি।,ফিনিশ
পাঞ্জাব (ভারত),পাঞ্জাবি ভাষা <OR> পাঞ্জাবি
আজারবাইজান সোভিয়েত সমাজতান্ত্রিক প্রজাতন্ত্র,আজারবাইজানি <OR> রুশ
শ্রীলঙ্কা,සිංහල <OR> සිංහල <OR> සිංහල භාෂාව <OR> தமிழ் <OR> සිංහල භාෂාව
নাভার্র প্রদেশ,বাস্ক
সুইস,ফরাসি ভাষা <OR> ইতালীয় ভাষা <OR> ইতালীয় <OR> ফরাসি <OR> পুরাতন ফরাসি <OR> জার্মানিক <OR> এফআর <OR> গার. <OR> ফরাসি ভাষা <OR> জার্মান ভাষা <OR> জার্মান <OR> জার্মান ভাষা <OR> ফ্রাঙ্কোফোন
কেসক্লিন্ন।,এস্তোনিয়ান
পুয়ের্তো রিকান,স্প্যানিশ <OR> স্প্যানিশ ভাষা <OR> ইংরেজি <OR> স্প্যানিশ ভাষা
সিআইই।,ফরাসি
পাঙ্কাহারজু,ফিনিশ
রিহিমäki,ফিনিশ
বিশ্ব এস্পেরান্তো অ্যাসোসিয়েশন,এস্পেরান্তো
গ্যালিসিয়া (স্পেন),গ্যালিসিয়ান ভাষা <OR> স্প্যানিশ <OR> গ্যালিসিয়ান <OR> স্প্যানিশ ভাষা <OR> কাস্তিলিয়ান
আইইসি,কাতালান <OR> কাতালান ভাষা
নার্পেস,সুইডিশ
ভিশি ফরাসি,ফরাসি
উদমুর্ত স্বায়ত্তশাসিত সোভিয়েত সমাজতান্ত্রিক প্রজাতন্ত্র,রুশ
মন্টেনেগ্রো,বসনিয়ান <OR> সার্ব। <OR> ক্রোয়েশিয়ান ভাষা <OR> সার্বিয়ান ভাষা <OR> মন্টেনেগ্রিন সিরিলিক <OR> সার্বিয়ান সিরিলিক <OR> সার্বীয় উপনাম <OR> সার্বিয়ান ভাষা <OR> ক্রোয়েশিয়ান <OR> শ্কিপ <OR> আলবেনিয়ান <OR> মন্টেনেগ্রিন <OR> সার্বিয়ান <OR> আলবেনিয়ান-ভাষী <OR> আলবেনিয়ান ভাষা <OR> মন্টেনেগ্রিন <OR> ক্রোয়াট <OR> মন্টেনেগ্রিন ভাষা
ডিপিআর,ইউক্রেনীয় <OR> রুশ
কার্থেজ,পুনিক ভাষা <OR> পুনিক
বিএমইউ,ইংরেজি
কিং শাসন,চীনা <OR> মঙ্গোলিয়ান
ত্রিচুর,മലയാളം
এস্পেরান্তুজো,এস্পেরান্তো
হাউকিপুদাস।,ফিনিশ
রেসপুব্লিকা তাতারস্তান,রুশ
গ্র্যান্ড ডাচি অফ ফ্ল্যান্ড্রেনসিস,ডাচ
বেলাউ।,ইংরেজি <OR> পালাউয়ান
সান্তা ইজাবেল,স্প্যানিশ
মস্কোর গ্র্যান্ড ডাচি,রুশ
কানাডার জাতীয় চলচ্চিত্র বোর্ড,ইংরেজি ভাষা <OR> ফরাসি ভাষা
বেনকুলেন,ইন্দোনেশিয়ান <OR> ইন্দোনেশিয়া
হংকং,ইংরেজি
ফেরো দ্বীপপুঞ্জ,ফারোইজ ভাষা <OR> ফারোইজ <OR> ড্যানিশ
"নোকিয়া, ফিনল্যান্ড।",ফিনিশ
স্কল্ট সামি,"ইনারি, ফিনল্যান্ড।"
গালিসিয়া–ভলহিনিয়া রাজ্য,পুরাতন রুথেনিয়ান
ফরমোসান,হাক্কা
সুইডেন এবং নরওয়ের মধ্যে ঐক্য,সুইডিশ <OR> নরওয়েজিয়ান
লুভিয়া,ফিনিশ
বুর্কিনাবি,ফরাসি
কোর্পো,সুইডিশ <OR> ফিনিশ
বাহামা দ্বীপপুঞ্জ,ইংরেজি
পি.আর.,স্প্যানিশ
জোক্কমোক্ক পৌরসভা,সুইডিশ <OR> সামি
মোনেগাস্ক,ফরাসি
মালয়েশিয়া,মানক মালয় <OR> ইংরেজি ভাষা <OR> ইংরেজি <OR> মালয়েশিয়ান ভাষা <OR> মালয় <OR> মালয় ভাষা <OR> মালয়েশিয়ান ভাষা <OR> মালয়েশিয়ান ভাষা <OR> অ্যাংলোফোন
মাশহাদ,ফারসি ভাষা <OR> ফারসি <OR> ফারসি ভাষা
পেলকোসেননিমি,ফিনিশ
ফ্রিজিয়া,ডাচ <OR> ফ্রিজিয়ান
মাইরস্কিলা,সুইডিশ
বার্ন,ফরাসি
সাভয়,ফরাসি
"সালো, ফিনল্যান্ড।",ফিনিশ
পরে জিন রাজবংশ,চীনা
সারিজার্ভি,ফিনিশ
মুক্ত রাজ্য,ডাচ
সিলিনজারভি,ফিনিশ
ফরাসি গায়ানিজ,ফরাসি
সিন্ট মার্টেন,ইংরেজি <OR> ডাচ <OR> ডাচ ভাষা
মলদোভা,রোমানিয়ান
মানচু,চীনা <OR> মানচু <OR> মঙ্গোলিয়ান
সোইনি।,ফিনিশ
স্প্যানিশ টেক্সাস,স্প্যানিশ
পালাউ,ইংরেজি <OR> পালাউয়ান
লেস বোইস,ফরাসি
টসাফট।,আমাজিগ
সিসমা,ফিনিশ
ট্রেন্টিনো-আল্টো অ্যাডিজে,ইতালীয় ভাষা <OR> ইতালীয়
ব্রাসেলস-রাজধানী অঞ্চল,ডাচ <OR> ফরাসি <OR> ফ্রাঙ্কোফোন
পাকিস্তান অধিকৃত কাশ্মীর,উর্দু
আরএসকে,সার্ব। <OR> সার্বিয়ান
উত্তর কোরিয়া,কোরিয়ান ভাষা <OR> হাঙ্গুল <OR> উত্তর কোরীয় <OR> বাংলা
আক্কাদীয়ান,আসিরিয়ান
উর্জালা,ফিনিশ
আর্মেনো,আর্মেনিয়ান
সরসেলে পৌরসভা,সুইডিশ <OR> সামি
ইকুয়েটোরিয়াল গিনি,স্প্যানিশ <OR> ফরাসি <OR> পোর্তুগিজ <OR> স্প্যানিশ ভাষা <OR> পোর্তুগিজ ভাষা <OR> ফ্রাঙ্কোফোন
উরুগুয়ে,স্প্যানিশ
"আপ্পিলাট্টোক, কুজাল্লেক।",গ্রিনল্যান্ডীয় ভাষা
কামোরিনো,ইতালীয়
সুদতাল,ইতালীয় ভাষা <OR> ইতালীয় <OR> জার্মান ভাষা <OR> জার্মান-ভাষা
"লাভিয়া, ফিনল্যান্ড।",ফিনিশ
লা রিওখা (স্পেন),স্প্যানিশ
স্টোরুমান পৌরসভা,সুইডিশ
কাচিন,কাচিন রাজ্য
নিউফাউন্ডল্যান্ড এবং ল্যাব্রাডর,ইংরেজি
কোমোরোস,কমোরিয়ান <OR> ফরাসি <OR> শিকোমোরি
গিনি,ফরাসি <OR> পোর্তুগিজ <OR> ফরাসি ভাষা <OR> ফ্রাঙ্কোফোন <OR> ফ্রাঙ্কোফোন
গাগাউজিয়া,রুশ
উতাজারভি,ফিনিশ
আজারবাইজানী,আজেরি <OR> রুশ <OR> আজারবাইজানী ভাষা
সাভুকোস্কি,ফিনিশ
বার্বাডিয়ান,ইংরেজি
খান্তি-মান্সি স্বায়ত্তশাসিত ওক্রুগ,রুশ <OR> মানসি ভাষা
মেক্সিকান টেক্সাস,স্প্যানিশ
ফরাসি গায়ানা,ফরাসি
নাফার্রোয়া,স্প্যানিশ <OR> বাস্ক ভাষা <OR> বাস্ক
পিটকেয়ার্ন দ্বীপপুঞ্জ,ইংরেজি ভাষা <OR> ইংরেজি <OR> পিটকর্ণ
পারাইনেন।,ফিনিশ
অলিম্পিক আন্দোলন,ইংরেজি <OR> ফরাসি
এলান ভ্যানন।,ম্যানx গ্যালিক <OR> ম্যানx ভাষা <OR> ম্যানx
"হায়দ্রাবাদ, ভারত।",తెలుగు భాష <OR> తెలుగు భాష <OR> উর্দু <OR> উর্দু ভাষা <OR> తెలుగు <OR> తెలుగు భాష
সোভিয়েত,রুশ ভাষার <OR> রুশীকৃত <OR> রুশ ভাষা <OR> মহান রুশ <OR> রুশ <OR> রুশ ভাষা
ভাহাকিরো,ফিনিশ
এনএস,ইংরেজি
ইন্দোর,হিন্দি <OR> হিন্দি ভাষা
"মিডলটাউন, কনেকটিকাট।",ইংরেজি
এজেকে,উর্দু <OR> ইংরেজি
স্প্যানিশ মুকুট,স্প্যানিশ
আরাগনেস ক্রাউন,কাতালান
অ্যান্টিলিস,ইংরেজি <OR> ডাচ <OR> পাপিয়ামেন্টো <OR> পাপিয়ামেন্টু
সুই রাজবংশ,চীনা
জার্সি,ফরাসি
বাসা,সুইডিশ <OR> ফিনিশ ভাষা <OR> সুইডিশ ভাষাভাষী <OR> ফিনিশ
আরে পৌরসভা,সুইডিশ
উদমুর্ত স্বায়ত্তশাসিত অঞ্চল,রুশ
মন্টানা,ইংরেজি <OR> অ্যাংলোফোন
সাখা (ইয়াকুতিয়া) প্রজাতন্ত্র,রুশ
পানামা,স্প্যানিশ ভাষা <OR> স্প্যানিশ <OR> স্প্যানিশ ভাষা <OR> হিস্পানিক <OR> কাস্তিলিয়ান
আকা।,ফিনিশ
সোশ্যালিস্ট সোভিয়েত প্রজাতন্ত্র আবখাজিয়া,রুশ
জিবুতিয়ান,ফরাসি
পারগাস,সুইডিশ <OR> ফিনিশ
কাবার্দিনো-বালকার প্রজাতন্ত্র,কারাচায়-বালকার <OR> কাবার্দিয়ান <OR> রুশ
ক্রোকম পৌরসভা,সুইডিশ
উদমুর্তিয়া,রুশ
পেরু,স্প্যানিশ
মালভিনাস দ্বীপপুঞ্জ,ইংরেজি
কানাডিয়ান ফেডারেশন,ফরাসি
সাম্বির।,ইউক্রেনীয়
ফিনিশ সীমান্ত,সুইডিশ <OR> ফিনিশ
পাপুয়া,ইংরেজি <OR> টোক পিসিন
নাগর্নো-কারাবাখ,আর্মেনিয়ান
দক্ষিণ-পূর্ব নাইজেরিয়া।,ইগবো
প্যানসাইপ্রিয়ান রসায়নবিদ সমিতি,গ্রীক <OR> গ্রীক ভাষা
ব্রুনেই দারুসসালাম,ইংরেজি <OR> মালয়
উত্তর কসোভো,সার্বিয়ান <OR> সার্বিয়ান সিরিলিক
ওয়েটজিকন,জার্মান ভাষা
চীনা চিং রাজবংশ,চীনা
বার্গা,সুইডিশ
দক্ষিণ ভিয়েতনাম,ভিয়েতনামী
মাদাগাস্কারী,মালাগাসি <OR> ফরাসি
টর্নিও,ফিনিশ
ভেনিসবাসী,ইতালীয় <OR> লাতিন
হাপারান্ডা,সুইডিশ <OR> ফিনিশ
ভিয়েতনাম,ভিয়েতনামী লেখা <OR> ভিয়েতনামী ভাষা <OR> ভিয়েতনামী ভাষায় কথা বলা। <OR> ভিয়েতনামী ভাষা <OR> ভিয়েতনামী <OR> ভিয়েতনামী ভাষা <OR> ভিয়েতনামী
কমোরো দ্বীপপুঞ্জ,কোমোরিয়ান <OR> ফরাসি <OR> শিকোমোরি
সিএসটিও,রুশ
নিউই,নিউইয়ান
মারি এল প্রজাতন্ত্র,মিডো মেরি <OR> রুশ <OR> মারি
বিসাউ-গিনি,পোর্তুগিজ
খিভা,উজবেক
বাহামাস,ইংরেজি
বেঙ্গকুলু প্রদেশ,ইন্দোনেশীয় <OR> ইন্দোনেশিয়া
"লাপুয়া, ফিনল্যান্ড।",ফিনিশ
হেলমান্ড প্রদেশ,দারি।
ইহুদি স্বায়ত্তশাসিত অঞ্চল,হিব্রু <OR> রুশ
পরে রোমান সাম্রাজ্য,গ্রীক <OR> লাতিন
হার্তোলা,ফিনিশ
ম্যাকাউ বিশেষ প্রশাসনিক অঞ্চল,চীনা <OR> পোর্তুগিজ
গঠনতন্ত্র দেশসমূহ,ডাচ
ফরাসি দক্ষিণ অঞ্চল,ফরাসি
আরাগনিস সাম্রাজ্য,কাতালান
ভিলমানস্ট্র্যান্ড,ফিনিশ
"হায়দ্রাবাদ, তেলেঙ্গানা।",উর্দু <OR> తెలుగు <OR> উর্দু ভাষা
কারাবাখ,আর্মেনিয়ান
মুহোস।,ফিনিশ
নতুন স্কটল্যান্ড,ইংরেজি
ফ্রিবুর্গ,ফরাসি <OR> জার্মান ভাষা
নাউরুয়ান,ইংরেজি <OR> নাউরু ভাষা
আন্তর্জাতিক আমেচার অ্যাথলেটিকস ফেডারেশন,ইংরেজি
সুরিনামিজ,ডাচ
রাউমা,ফিনিশ উপভাষাসমূহ <OR> ফিনিশ ভাষা <OR> ফিনিশ
ব্রিটিশ প্যালেস্টাইন,হিব্রু
অবৈধ ফ্রান্স,ফরাসি
ভেনিজিয়া ট্রিডেন্টিনা,ইতালীয়
ফরাসি গায়ানা,ফরাসি ভাষা <OR> ফরাসি
ইরান,আধুনিক ফারসি <OR> ফারসি ভাষাভাষী <OR> মধ্য পার্সিয়ান <OR> দারি। <OR> ফারসি ভাষা <OR> ফার্সি ভাষা <OR> পাহলভানি <OR> ফার্সি ভাষা <OR> নতুন পার্সিয়ান <OR> পার্সি <OR> পুরাতন পার্সিয়ান <OR> ফারসি ভাষা <OR> ফারসি <OR> ফার্সি
ভেনেজুয়েলা,স্প্যানিশ ভাষার <OR> স্প্যানিশ <OR> স্প্যানিশ ভাষা <OR> কাস্তেল্লানো <OR> ভেনেজুয়েলা সাইন ভাষা <OR> কাস্তিলিয়ান <OR> হিস্পানিক
বাইবেল অনুবাদ এসপারান্তোতে,এস্পেরান্তো
জেনেভা,ফরাসি
রুশ অর্থোডক্স,গির্জা স্লাভনিক
"মাল্টিয়া, ফিনল্যান্ড।",ফিনিশ
হেলসিঙ্কি,সুইডিশ <OR> সুইডিশ ভাষাভাষী <OR> ফিনিশ <OR> স্ব. <OR> ফিনিশ ভাষা
পের্ম ক্রাই,রুশ
আরএ।,আর্মেনিয়ান
ফ্লেমিশ,ডাচ <OR> ডাচ ভাষা <OR> ফরাসি <OR> ডাচ ভাষা
তাইভালকোস্কি,ফিনিশ
কিউরুভেসি,ফিনিশ
মুোনিও,ফিনিশ
হংকং,ইংরেজি
আলাভিয়েস্কা,ফিনিশ
ইস্টার দ্বীপ,স্প্যানিশ <OR> রাপা নুই ভাষা
ডাচ অ্যান্টিলস,ডাচ
এনজে,ইংরেজি
সেভাস্তোপল,ইউক্রেনীয় <OR> রুশ <OR> আরইউ
আরাগন,স্প্যানিশ ভাষা <OR> স্প্যানিশ <OR> আরাগোনিজ <OR> স্প্যানিশ ভাষা <OR> কাতালান
কাউস্টিনেন,ফিনিশ
ক্যান্টন বার্ন,ফরাসি
ফ্রিজিয়ান,পশ্চিম ফ্রিজিয়ান <OR> ডাচ
কাতালোনিয়া,কাতালান ভাষাতত্ত্ব <OR> কাতালান ভাষা <OR> কাতালান <OR> কাতালান ভাষা <OR> কাতালান ভাষা <OR> কাস্তিলিয়ান <OR> স্প্যানিশ ভাষার <OR> স্প্যানিশ <OR> পুরানো ক্যাটালান <OR> ভ্যালেন্সিয়ান <OR> স্প্যানিশ ভাষা <OR> আরানিজ <OR> কাতালান ভাষা <OR> কাতালান ফিলোলজি <OR> আরানিজ উপভাষা <OR> কাতালান ভাষা <OR> কাস্তিলিয়ান স্প্যানিশ <OR> কাতালান <OR> কাতালান
তাহিতি,ফরাসি
মধ্য বেলজিয়াম,ডাচ <OR> ফরাসি
সোভিয়েত সরকার,রুশ
পশ্চিম জর্জিয়ান,জর্জিয়ান
রুশ সোভিয়েত ফেডারেটেড সোশ্যালিস্ট রিপাবলিক,রুশ
জেনেভা ক্যান্টন,ফরাসি
ভেনিসিয়ান,ইতালীয়কৃত <OR> মানক ইতালীয় <OR> ইতালীয়কৃত <OR> ইতালীয় <OR> ভেনিসীয় ভাষা <OR> লাতিন <OR> ইতালীয়কৃত <OR> ভেনিসীয় ভাষা
মানচু,সরলীকৃত চীনা <OR> চীনা <OR> মঙ্গোলিয়ান
ক্যাসুবিয়া,কাশুবিয়ান
বেনিন,ফরাসি ভাষা <OR> ফরাসি
ঝাড়খণ্ড,হিন্দি <OR> হিন্দি <OR> হিন্দি ভাষা <OR> মানক হিন্দি
কেপ ভার্দে দ্বীপপুঞ্জ,পোর্তুগিজ
ক্যানটন টিসিনো,ইতালীয় ভাষা <OR> ইতালীয়
ডিআরসি,ফরাসি
ত্রিনাক্রিয়া,গ্রীক
লুসার্ন,জার্মান-ভাষা <OR> ডিই। <OR> জার্মানাইজড
পেত্রোজাভোডস্ক,রুশ ভাষা <OR> রুশ
নভোরোসিয়া (সংঘ),ইউক্রেনীয় <OR> রুশ
লুহানস্ক অঞ্চল,ইউক্রেনীয় <OR> রুশ
দিল্লি,মানক হিন্দি <OR> অ্যাংলো <OR> উর্দু <OR> ইংরেজি <OR> ইংরেজি ভাষা <OR> পাঞ্জাবি <OR> হিন্দুস্তানি <OR> হিন্দি <OR> হিন্দি ভাষা
সাম্রাজ্যিক রোম,গ্রিক
রিউকিউ দ্বীপপুঞ্জ,রিউকিউয়ান
ফরাসি প্রজাতন্ত্র,ফরাসি
কোমোরিয়ানরা,কোমোরিয়ান
জাপান,জাতীয় ভাষা <OR> গ্রেটার জাপান টোকিও বেসবল ক্লাব <OR> জাপানি ভাষা <OR> জাপানি ভাষা <OR> জাপানি ভাষা <OR> জাপান
ঝোভতি ভোদি,ইউক্রেনীয় <OR> রুশ
রিবাগোরজা,কাতালান <OR> মানক ক্যাটালান
"মিডলটাউন, সিটি",ইংরেজি
কাউন্টি কোর্ক,পুরাতন ইংরেজি <OR> আইরিশ ভাষা <OR> ইংরেজি <OR> পুরাতন আইরিশ <OR> গেলিক <OR> আইরিশ গেইলিক <OR> আইরিশ <OR> আধুনিক আইরিশ
সার্বিয়া ও মন্টেনেগ্রো,সার্বিয়ান
কেবেকোইস,ফরাসি
ক্রোনোবি,সুইডিশ <OR> ফিনিশ
সার্বীয় অর্থোডক্স মঠসমূহ,গির্জা স্লাভনিক
মালদ্বীপের,ধিভেহি
পশ্চিম জার্মানি,জার্মান ভাষা <OR> জার্মান ভাষা
আসিরিয়ানরা,আসিরীয় <OR> আক্কাদীয় ভাষা <OR> আক্কাদীয়ান <OR> আরামাইক
পায়ের্ন,ফরাসি
হেলমান্ড,দারি
কুসামো,ফিনিশ
অস্টারসান্ড পৌরসভা,সুইডিশ
পোমার্ক্কু,ফিনিশ
আধুনিক গ্রীক,সাইপ্রিয়ট <OR> আলবেনিয়া <OR> সাইপ্রাস <OR> গ্রীস
বিজি,বুলগেরিয়ান
ইউক্রেনীয় প্রজাতন্ত্র,ইউক্রেনীয়
তালোসা,টালোসান
কার্থেজীয়রা,পুনিক
সুমাত্রা উতারা,ইন্দোনেশিয়ান <OR> ইন্দোনেশিয়া
মধ্য ভিসায়াস,ইংরেজি <OR> সেবুয়ানো <OR> ফিলিপিনো <OR> সেবুয়ানো ভাষা
আন্তর্জাতিক অপরাধ আদালত,ফরাসি
ভেনিস প্রজাতন্ত্র,ইতালীয় <OR> লাতিন
এপি,తెలుగు
বুলগেরিয়ান অর্থোডক্স,বুলগেরিয়ান ভাষা <OR> বুলগেরিয়ান
নেদারল্যান্ডসবাসী,ডাচ
কুপিও,ফিনিশ ভাষা <OR> ফিনিশ
ইজাবাল,স্প্যানিশ
উদমুর্তিয়া,উদমুর্ত <OR> উদমুর্ত <OR> রুশ
পিটকেয়ার্ন দ্বীপ,ইংরেজি <OR> পিটকর্ণ
পশ্চিম ইউক্রেন,ইউক্রেনীয়
কোমি প্রজাতন্ত্র,রুশ <OR> কোমি।
এ ভের-ও-মার,পোর্তুগিজ
ট্রিনিদাদ ও টোবাগো,ইংরেজি
টলমেজ্জো,ইতালীয়
ফ্লেমিশ বেলজিয়াম,ডাচ
বেলারুশ এসএসআর,রুশ
নরওয়ে,নাইনর্স্ক <OR> সামি ভাষাসমূহ
"জেনেভা, সুইজারল্যান্ড।",ফরাসি ভাষা <OR> ফরাসি
তির্ভা।,ফিনিশ
হাওয়াই,হাওয়াইয়ান ভাষা <OR> হাওয়াইয়ান
কেরাভা,ফিনিশ
গাড়ি,সঙ্গো <OR> ফরাসি <OR> সংঘো
কিরগিজ প্রজাতন্ত্র,কিরগিজ <OR> রুশ
ডোরোটিয়া পৌরসভা,সুইডিশ
বুরকিনা ফাসো,ফরাসি ভাষা <OR> ফ্রাঙ্কোফোন <OR> ফরাসি <OR> ফ্রাঙ্কোফোন
ইথিওপিয়া,আমহারিক <OR> আমহারিক ভাষা
নৌসিয়েনেন,ফিনিশ ভাষা
ওয়েলস,ওয়েলশ ভাষা <OR> পুরাতন ওয়েলশ <OR> ওয়েলশ ভাষা <OR> আধুনিক ওয়েলশ <OR> অ্যাঙ্গ্লিকাইজড <OR> এংলিকাইজড <OR> ইংরেজি ভাষা <OR> ইংরেজি <OR> ওয়েলশ <OR> ওয়েলশ-মাধ্যমিক <OR> অ্যাংলোফোন <OR> সিমরাগ <OR> ওয়েলশ ভাষাভাষী <OR> ওয়েলশ ভাষী
হাপাজার্ভি,ফিনিশ
কিন্নুলা,ফিনিশ
পলভিজার্ভি,ফিনিশ
দক্ষিণ জর্জিয়া,ইংরেজি ভাষা <OR> ইংরেজি
নতুন গিনি,টোক পিসিন
সেন্ট-পিয়ের-এবং-মিকেলন এর আঞ্চলিক কর্তৃপক্ষ,ফরাসি
তুর্কমেনিস্তান,তুর্কমেন <OR> রুশ ভাষা <OR> রুশ
দাই ভিয়েট,ভিয়েতনামী
লুলো পৌরসভা,সুইডিশ
মেইরিন,ফরাসি
পানামা,স্প্যানিশ <OR> হিস্পানিক
ভার্দো,সুইডিশ
কাংগাসনিয়েমি,ফিনিশ ভাষা <OR> ফিনিশ
চেচনিয়া,চেচেন <OR> রুশ <OR> রাশিয়া
ইউরোপীয় অর্থনৈতিক সম্প্রদায়,ফরাসি
রাশিয়া,ইউক্রেনীয় <OR> চেরকেসিয়ান <OR> ফিনিশ <OR> অসেটিক <OR> পুরনো রুশ <OR> আদিগেহ <OR> কারাচায়-বালকার <OR> খাকাস <OR> আজেরি <OR> রুশ ভাষা <OR> বাস্কোর্ত <OR> রুশ <OR> ইনগুশ <OR> তাতার ভাষা <OR> সুইডিশ <OR> রুশ ভাষার <OR> উদমুর্ত <OR> খাকাস ভাষা <OR> আরইউ <OR> চেচেন <OR> লেজগিয়ান <OR> রুশ ভাষা <OR> নোগায় <OR> রুশ <OR> এর্জ্যা ভাষা <OR> মেডো মেরি <OR> মোক্ষ <OR> ক্রিমিয়ান তাতার <OR> বাশকির <OR> কাল্মিক <OR> মোক্ষন <OR> এর্জ্যা <OR> তাতার ভাষা <OR> পোলিশ-ভাষা <OR> বুরিয়াত <OR> টিভান <OR> আগুল <OR> আবাজা <OR> কোমি <OR> ওসেটি <OR> মারি। <OR> অসেতিয়ান <OR> তুভান <OR> পোলিশ <OR> কাবার্দিয়ান <OR> আঘুল <OR> পোলিশ ভাষা <OR> তাতার <OR> কুমিক <OR> অভার। <OR> কোমি ভাষা
কমিশন সা উইকাং ফিলিপিনো,ফিলিপিনো <OR> টাগালোগ
স্টাভ্রোপোল ক্রায়।,রুশ
আইসিএও,রুশ
উমেয়া পৌরসভা,সুইডিশ
লম্বার্ডস,লাতিন
মিস্ট্রেটা,ইতালীয়
মন্টসেরাত,ইংরেজি ভাষা
যুক্তরাজ্য,ইংরেজি
এলিস,ইংরেজি
আতচেহ,ইন্দোনেশিয়ান <OR> ইন্দোনেশিয়া
সেন্ট মার্টেন,ডাচ
মালি,ফরাসি ভাষা <OR> ফরাসি ভাষা <OR> ফরাসি <OR> ফ্রাঙ্কোফোন
পেরভোমাইস্কি জেলা,রুশ
জাম্বিয়া,ইংরেজি <OR> অ্যাংলোফোন
নাইজার,ফরাসি
বেনকুলেন,ইন্দোনেশীয় <OR> ইন্দোনেশিয়া
হাওয়াই,ইংরেজি ভাষা <OR> ইংরেজি <OR> স্থানীয় হাওয়াইয়ান <OR> হাওয়াইয়ান ভাষা <OR> হাওয়াইয়ান ভাষা <OR> হাওয়াইয়ান
পোর্টুগিজ কীবোর্ড লেআউট,পোর্তুগিজ ভাষা
টিমর,টেটাম <OR> টেটুন <OR> পোর্তুগিজ
স্কটিশ,ইংরেজি ভাষা <OR> ইংরেজি
আইভোরিয়ান,ফরাসি
সেইশেলস,ইংরেজি <OR> ফরাসি <OR> সেশেল্লোইস <OR> সেইশেলোইস ক্রেওল <OR> সেসেলও। <OR> সেসেলও।
রয়্যাল ২২ই রেজিমেন্ট,ফরাসি
মোতি মহল,উর্দু
মালদ্বীপ,মালদ্বীপের ভাষা <OR> ধিভেহি <OR> ধিভেহি <OR> ডিভেহি ভাষা <OR> ডিভি <OR> ধিভेহি ভাষা <OR> ধিভेহি ভাষা <OR> মালদ্বীপের <OR> ডিভেহি ভাষা <OR> দিভেহি
সাম্রাজ্যিক যুগগুলি,গ্রিক <OR> লাতিন
সমষ্টিগত নিরাপত্তা চুক্তি সংস্থা,রুশ
কুক দ্বীপপুঞ্জ,ইংরেজি
সুইডিশ রাজ্য,সুইডিশ
রেভোনলাহতি,ফিনিশ
জিম্বাবুয়ে,ভেন্ডা ভাষা <OR> ছোঙ্গা <OR> চিটোঙ্গা <OR> শোনা <OR> টসওয়ানা <OR> সোথো <OR> হিচওয়্যার <OR> ইংরেজি ভাষা <OR> শোনা-ভাষী <OR> চিচেওয়া ভাষা <OR> এনডাউ। <OR> নাম্ব্যা। <OR> চেওয়া <OR> অ্যাংলো <OR> ইংরেজি <OR> ডম্বে <OR> টশও। <OR> কালাঙ্গা <OR> কারাঙ্গা <OR> অ্যাংলোফোন <OR> কোরেকোরে। <OR> শোনা ভাষা <OR> জোশা <OR> সেনা ভাষা <OR> সেনা <OR> জেজুরু <OR> টসো। <OR> টসওয়ানা ভাষা
লেইক্সা,ফিনিশ
বেঙ্গালুরু,ಕನ್ನಡ <OR> ಕನ್ನಡ <OR> ಕನ್ನಡ ಭಾಷೆ
বসনিয়া ও হার্জেগোভিনা,ক্রোয়েশিয়ান <OR> সার্বিয়ান <OR> সার্বিয়ান ল্যাটিন
প্রাক-বিদ্রোহী রাশিয়া,রুশ
চেচনিয়া,রুশ
দক্ষিণ গ্রিনল্যান্ড,গ্রিনল্যান্ডিক
কারিনা,ফিনিশ
কারাচায়-চেরকেসিয়া,কাবার্দিয়ান <OR> আবাজা <OR> কারাচায়-বালকার <OR> কাবার্দিয়ান ভাষা <OR> রুশ
ব্রাজিল,পোর্তুগিজ ভাষা <OR> পোর্তুগিজ ভাষা <OR> পোর্তুগিজ
পোরভু/বর্গো,সুইডিশ
চাদ,ফরাসি <OR> ফ্রাঙ্কোফোন
ইজারমাওআস,আমাজিগ
কাতালান,স্প্যানিশ
ভিডি,এফআর <OR> ফরাসি
সুইডিশ সাম্রাজ্য,সুইডিশ
টয়সা,ফিনিশ
কমচাতকা ক্রাই,রুশ
বালি দ্বীপ,ইন্দোনেশীয় <OR> ইন্দোনেশিয়ান ভাষা <OR> বালিনিজ ভাষা
ফরাসি রাজতন্ত্রবাদী বাহিনী,ফরাসি
নেনেটস স্বায়ত্তশাসিত জেলা,রুশ
জোরোইন,ফিনিশ
ইকুয়েটরিয়াল গিনি,স্প্যানিশ <OR> ফরাসি
প্রাক্তন সোভিয়েত ইউনিয়ন,রুশ
ক্যানারি দ্বীপপুঞ্জ,ইউরোপীয় স্প্যানিশ <OR> স্প্যানিশ <OR> স্প্যানিশ ভাষা
গার্নসী,ফরাসি
ভার্সোইক্স,ফরাসি
পিএনজি,ইংরেজি <OR> টোক পিসিন
মেন্ড্রিসিও,ইতালীয়
সুইজারল্যান্ড,ফরাসি ভাষা <OR> ইতালীয় ভাষা <OR> ডিই। <OR> ইতালীয় ভাষা <OR> জার্মানভাষী <OR> ইতালীয় <OR> ফরাসি <OR> জার্মানিক <OR> মানক জার্মান। <OR> এফআর <OR> জার্মানাইজড <OR> ফরাসি ভাষা <OR> জার্মান ভাষা <OR> ফ্রাঙ্কোফোন <OR> জার্মান <OR> জার্মান-ভাষা <OR> আধুনিক জার্মান <OR> ফ্রাঙ্কোফোন
অল্যান্ড দ্বীপপুঞ্জ,সুইডিশ <OR> সুইডিশ ভাষাভাষী
কুবান।,রুশ
সুইডিশ-নরওয়েজিয়ান,সুইডিশ <OR> নরওয়েজিয়ান
টোইভাক্কা,ফিনিশ
লিথুয়ানিয়ানরা।,রুথেনিয়ান <OR> লিথুয়ানিয়ান
বাহিয়া,পোর্তুগিজ
বিশ্ব বাণিজ্য সংস্থা (WTO),ফরাসি
সোভিয়েত বেলারুশ,রুশ <OR> বেলারুশিয়ান
আর্টসাখ প্রজাতন্ত্র,আর্মেনিয়ান
সলনা,সুইডিশ
তুর্কী সরকার,তুর্কি
রাজতন্ত্রবাদী,স্প্যানিশ
ক্রোয়েশিয়া,ক্রোয়াট <OR> ক্রোয়েশিয়ান ভাষা <OR> ক্রোয়েশিয়ান <OR> ক্রোয়েশিয়ান ভাষা
লাক্সেমবার্গ,ফরাসি ভাষা <OR> লাক্সেমবার্গিশ <OR> ফরাসি <OR> লাক্সেমবার্গিশ ভাষা <OR> লুক্সেমবার্গ <OR> জার্মান ভাষা <OR> ফ্রাঙ্কোফোন <OR> ফরাসি ভাষা <OR> লুক্সেমবার্গিশ <OR> জার্মান ভাষা <OR> লাক্সেমবার্গীয় <OR> ফ্রাঙ্কোফোন
মেলিটোপল,ইউক্রেনীয় <OR> রুশ
ইরান,ফারসি
গ্রাউবুন্ডেন,রোমানশ <OR> ইতালীয় <OR> রোমানশ ভাষা
সোনভিলিয়ার,ফরাসি
পুক্কিলা,ফিনিশ
ফ্রান্স,ফরাসি ভাষা <OR> মেট্রোপলিটন ফরাসি <OR> ফরাসি ভাষা <OR> ফরাসি <OR> মানক ফরাসি <OR> পুরাতন ফরাসি <OR> এফআর <OR> ফরাসি ভাষা <OR> ফ্রাঙ্কোফোনি <OR> ফ্রাঙ্কোফোন <OR> ফরাসি ভাষা <OR> ফ্রাঙ্কোফোন
ডাচ গায়ানা,ডাচ
মানুষ,ইংরেজি <OR> ম্যানx গ্যালিক <OR> ম্যানx ভাষা <OR> ম্যানx
ইতালি,ইতালীয়
এস্তোনিয়া,ভোরো উপভাষা <OR> এস্তোনিয়ান ভাষায় কথা বলা <OR> এস্তোনিয়ান ভাষা <OR> এস্তোনিয়ান
আন্তর্জাতিক আলোক কমিশন,ফরাসি
সলোমনস,ইংরেজি
প্যারাগুয়ে,গুয়ারানি <OR> স্প্যানিশ ভাষা <OR> গুয়ারানি <OR> স্প্যানিশ <OR> গুয়ারানি ভাষা <OR> গুয়ারানি <OR> স্প্যানিশ ভাষা <OR> গুয়ারানি ভাষা <OR> হিস্পানিক <OR> গুয়ারানি ভাষা
ম্যাগগিয়া (পৌরসভা),ইতালীয়
কলোরাডো,ইংরেজি
লাইহিয়া,ফিনিশ
লিথুয়ানিয়া,লিথুয়ানিয়ান ভাষা <OR> পুরাতন রুথেনিয়ান <OR> লিথুয়ানিয়ান-ভাষা <OR> রুথেনিয়ান <OR> লিথুয়ানিয়ান
ভ্যালেন্সিয়ান অঞ্চল,স্প্যানিশ <OR> কাতালান <OR> ভ্যালেন্সিয়ান ভাষা
চুকোতকা,চুকচি <OR> রুশ <OR> চুকোট।
ইংল্যান্ড,ইংরেজি ভাষা <OR> ইংরেজি <OR> আধুনিক ইংরেজি <OR> অ্যাংলোফোন
নেনেটস স্বায়ত্তশাসিত ওক্রুগ,নেনেটস <OR> রুশ
শাংহাই সহযোগিতা সংস্থা,চীনা
কানাডিয়ান,ফরাসি ভাষা <OR> ইংরেজি ভাষা <OR> ইংরেজি <OR> ফরাসি <OR> অ্যাংলোফোনস <OR> ফরাসি ভাষা <OR> ফ্রাঙ্কোফোন <OR> ফরাসি ভাষা <OR> ফরাসি ভাষা <OR> ফ্রাঙ্কোফোন
মাদ্রাজ শহর,தமிழ் மொழி
পাজালা পৌরসভা,সুইডিশ <OR> ফিনিশ
বেলারুশিয়ান,রুশ
മലയാളം,হিন্দি
লোকার্নো,ইতালীয়
ভেইই।,এট্রাস্কান
পূর্ব রোমান (বাইজেন্টাইন),লাতিন
এনকেআর,আর্মেনিয়ান
ফিনল্যান্ড,সুইডিশ <OR> সুইডিশ-ভাষা <OR> ফিনিশ উপভাষাসমূহ <OR> সুইডিশ ভাষাভাষী <OR> ফিনিশ-ভাষা <OR> ফিনিশ <OR> ফিনিশ <OR> ফিনিশ ভাষা <OR> সুইডিশ ভাষা
কারেলিয়ান,ফিনিশ সীমান্ত <OR> রুশ <OR> কারেলিয়া <OR> ফিনল্যান্ড
কোলোগ্নি,ফরাসি
তাইওয়ান,পুতংহুয়া <OR> ম্যান্ডারিন <OR> আধুনিক মানক ম্যান্ডারিন <OR> গুয়ো। <OR> মানক ভাষা <OR> আধুনিক মানক চীনা <OR> মানক চীনা
এনোনটেকিও,ফিনিশ
সার্বীয় অর্থোডক্স,সার্ব। <OR> সার্বিয়ান <OR> সার্বিয়ান সিরিলিক
ঘানার,ইংরেজি <OR> অ্যাংলোফোন
জাতীয় রাজধানী অঞ্চল,উর্দু <OR> হিন্দি
তুসনিয়েমি,ফিনিশ
ফিলিপিনা,ইংরেজি ভাষা <OR> ফিলিপিনো
আরজেপ্লগ,সামি ভাষা <OR> সামি <OR> সুইডিশ
বাশকির ভাষা,বাস্কোর্তোস্তান
লিডিয়া,লিডিয়ান ভাষা <OR> লিডিয়ান
মিকেলন,ফরাসি
"আগারাক, আরাগাতসোটন।",আর্মেনিয়ান
হাইতি,ফরাসি ক্রেওল <OR> ফরাসি ভাষা <OR> হাইতিয়ান ক্রেওল <OR> হাইতিয়ান ক্রেওল <OR> ক্রেওল <OR> ফরাসি <OR> ক্রেওল <OR> এফআর <OR> হাইতিয়ান ক্রেওল <OR> ক্রেওল <OR> ক্রেওল <OR> ফ্রাঙ্কোফোন
দেহুবার্থ,ওয়েলশ ভাষা <OR> ওয়েলশ
ইউক্রেন,ইউক্রেনীয় <OR> ইউক্রেনীয়
মস্কোভাইট রাষ্ট্র,রুশ
গিনি,ফরাসি <OR> ফ্রাঙ্কোফোন
ভাষা উন্নয়ন ও প্রশিক্ষণ কেন্দ্র,ইন্দোনেশীয় <OR> ইন্দোনেশিয়ান ভাষা <OR> ইন্দোনেশিয়া
স্পেনীয় রাষ্ট্র,স্প্যানিশ
লুক্সেমবার্গিশ,ফরাসি
কাউটো মিক্স্টো,স্প্যানিশ <OR> গ্যালিসিয়ান <OR> পোর্তুগিজ
ব্রুনেই,ইংরেজি ভাষা <OR> ইংরেজি <OR> মালয় <OR> মালয় ভাষা <OR> মালয় ভাষা <OR> মালয় ভাষা
লেসোথো,সোথো <OR> ইংরেজি ভাষা <OR> ইংরেজি <OR> দক্ষিণ সোথো <OR> সোথো ভাষা <OR> সেসোথো <OR> সেসোথো ভাষা
পাইথা,সুইডিশ
ভাজা,সার্বিয়ান <OR> সার্বিয়ান সিরিলিক
কেম্যান দ্বীপপুঞ্জ,ইংরেজি
ভিশি সমর্থক,ফরাসি
আজারবাইজান প্রজাতন্ত্র,আজারবাইজানি <OR> আজারবাইজানী ভাষা
চেচনিয়া প্রজাতন্ত্র,চেচেন <OR> রুশ <OR> চেচেন ভাষা
কুইলু,কিকঙ্গো <OR> কঙ্গো
মরিশিয়ান,ইংরেজি <OR> ফরাসি
উত্তর কসোভো,সার্বিয়ান <OR> সার্বিয়ান সিরিলিক
বাধ্যতামূলক প্যালেস্টাইন,হিব্রু <OR> ইংরেজি <OR> হিব্রু ভাষা <OR> আধুনিক হিব্রু
ভিসায়ান একাডেমি অফ আর্টস অ্যান্ড লেটার্স,চেবুয়ানো <OR> সেবুয়ানো ভাষা
আফ্রিকান আমেরিকান,ইংরেজি
ভিশি সরকার,ফরাসি
এস্পুো,সুইডিশ <OR> ফিনিশ
ম্যাকাও বিশেষ প্রশাসনিক অঞ্চল,চীনা <OR> পোর্তুগিজ
সামিন্কি,ফিনিশ
ফারাহ প্রদেশ,দারি।
সাও টোমে এবং প্রিন্সিপে,পোর্তুগিজ
মরদোভা প্রজাতন্ত্র,রুশ
ভোরা,সুইডিশ <OR> ফিনিশ
গোশেন রাজ্য,ডাচ
থাই,থাই
লিবারিয়া,ইংরেজি ভাষা <OR> ইংরেজি <OR> অ্যাংলোফোন
পেটাজাভেসি,ফিনিশ
ফ্রেঞ্চ একাডেমি,ফরাসি ভাষা <OR> ফরাসি
দক্ষিণ কোরিয়া,কোরিয়ান ভাষা <OR> কোরিয়ান ভাষা <OR> হাঙ্গুল <OR> উত্তর কোরীয় <OR> বাংলা
বারমুডিয়ান,ইংরেজি
ফাইদো,ইতালীয়
সল্টভিক,সুইডিশ
নরম্যান সিসিলি,গ্রীক
নেপালি কবিতা,নেপালি
বার্তাঙ্গি ভাষা,গোর্নো-বাদাখশান স্বায়ত্তশাসিত প্রদেশ
সিকাইনেন,ফিনিশ
আচেমেনিড রাজবংশ,এলামite <OR> এলামিত ভাষা
কাবুল,দারি
বাস্ক প্রেসিডেন্ট,স্প্যানিশ
পাকিস্তান,উর্দু <OR> উর্দু <OR> ইংরেজি <OR> ইংরেজি ভাষা <OR> বাংলা <OR> মানক উর্দু <OR> উর্দু ভাষা
ওরেব্রো কাউন্টি কাউন্সিল,সুইডিশ
রাইখকমিসারিয়াট মস্কোভিয়েন,রুশ
পন্টিয়াক,মালয়
হেলসিংফর্স,সুইডিশ <OR> ফিনিশ
এসা,ফরাসি
কিউস্টেনডিল,বুলগেরিয়ান
"অরা, ফিনল্যান্ড।",ফিনিশ
ভ্যালেন্সিয়া,স্প্যানিশ
চেচেন,রুশ ভাষা <OR> রুশ
বার্গ পৌরসভা,সুইডিশ
আক্কাদীয় সাম্রাজ্য,আক্কাদীয় ভাষা <OR> আক্কাদীয়ান
ফিলিপাইন সরকার,ফিলিপিনো
অ্যান্টিগুয়া,ইংরেজি
কাবার্দিনো-বালকারিয়া,কারাচায়-বালকার <OR> কাবার্দিয়ান <OR> রুশ <OR> কাবার্দিয়ান ভাষা
দাইকুন্ডি প্রদেশ,দারি।
ফ্লেমিশ অঞ্চল,ডাচ <OR> ডাচ ভাষা
উটাহ,ইংরেজি
সাম্রাজ্যিক সময়,গ্রীক <OR> লাতিন
কার্লস্কোগা পৌরসভা,সুইডিশ
হায়দ্রাবাদ (ভারত),తెలుగు
তাতার,তাতার ভাষা <OR> রুশ
ফরাসি-কানাডিয়ান,ফরাসি
বি.,NL <OR> ডাচ <OR> ডিই। <OR> ফরাসি <OR> এফআর
লাইটিলা,ফিনিশ
উগান্ডা,ইংরেজি ভাষা <OR> ইংরেজি <OR> কিসওয়াহিলি ভাষা <OR> অ্যাংলোফোন <OR> সোয়াহিলি <OR> অ্যাঙ্গ্লোফোন <OR> কিসওয়াহিলি
ডোনেটস্ক–ক্রীভয় রোগ সোভিয়েত প্রজাতন্ত্র,রুশ
পারম.,রুশ
ডানজিগ,পোলিশ <OR> জার্মানিক <OR> জার্মান ভাষা <OR> জার্মানাইজড <OR> জার্মান ভাষা
আসিয়ান,ইন্দোনেশীয় <OR> ফিলিপিনো <OR> থাই <OR> চীনা <OR> ইন্দোনেশিয়া
ওয়াপ্পো।,ইংরেজি
পুরাতন অ্যাসিরিয়ান সাম্রাজ্য,আক্কাদীয়ান
ভ্যালাইস,ফরাসি ভাষা <OR> ফরাসি
কর্ক,আইরিশ ভাষা <OR> ইংরেজি <OR> গেলিক <OR> গaeilge <OR> আইরিশ গেইলিক <OR> আইরিশ <OR> আইরিশ ভাষা <OR> আধুনিক আইরিশ
মার্কোসুর,স্প্যানিশ ভাষা <OR> পোর্তুগিজ
নিভালা,ফিনিশ
ইভেরডন-লে-ব্যাঁ,ফরাসি
টঙ্গা,ইংরেজি ভাষা <OR> টঙ্গান <OR> ইংরেজি
জাতিসংঘ সংস্থা,স্প্যানিশ <OR> ইংরেজি <OR> রুশ <OR> ফরাসি
পলিনেশিয়া,ফরাসি
বান্টেন প্রদেশ,জাভানিজ
হাম্পপিলা,ফিনিশ
ইতালীয় অধ্যয়ন,ইতালীয়
পাঙ্কালাইডুন।,ফিনিশ
কিরিবাতি,আই-কিরিবাতি <OR> আই-কিরিবাতি <OR> গিলবার্টিজ <OR> কিরিবাতি
ম্যাকাও বিশ্ববিদ্যালয়,ইংরেজি <OR> চীনা
সার্বিয়া,সার্ব। <OR> সার্বিয়ান ল্যাটিন <OR> সার্বিয়ান ভাষা <OR> সার্বিয়ান সিরিলিক <OR> সার্বিয়ান ভাষা <OR> মানক সার্বিয়ান <OR> সার্বিয়ান <OR> সার্বিয়ান উপনাম <OR> পুরাতন সার্বিয়ান
লা সেরেনিসিমা।,ইতালীয়
গিনি-বিসাউ,পোর্তুগিজ
প্যারিস কমিউন,ফরাসি
রাভেন্না,লাতিন
মার্সিয়া,পুরাতন ইংরেজি <OR> পুরাতন ইংরেজি ভাষা <OR> লাতিন
ক্যাম্পিওনে ডি'ইতালিয়া,ইতালীয়
রেতালহুলেউ বিভাগ,ক'িচে' (কুইচে)
সোভিয়েতীকরণ,রুশ ভাষা <OR> রুশ
আমেরিকানাইজড,ইংরেজি <OR> এংলিকাইজড
আইন জোহরা,আমাজিগ
কারাচায়-চেরকেস প্রজাতন্ত্র,কাবার্দিয়ান <OR> নোগায় <OR> আবাজা <OR> কারাচায়-বালকার <OR> রুশ
পে দে লা লোয়ার,গ্যালো <OR> ব্রেটন
মেক্সিকো,স্প্যানিশ <OR> হিস্পানিক <OR> স্প্যানিশ ভাষা
কেরল,অ্যাঙ্গ্লিকাইজড <OR> মালায়ালম ভাষা <OR> ইএন <OR> মালায়ালম ভাষা <OR> ইংরেজি ভাষা <OR> ইংরেজি <OR> মালায়ালম সঙ্গীত <OR> മലയാളം <OR> മലയാളം <OR> মালয়ালম ভাষা <OR> মালয়ালম <OR> এমএল
গ্রীক অর্থডক্স চার্চ,গ্রীক <OR> গ্রিক-ভাষা <OR> কোইন গ্রিক
রুওকোলাহতি,ফিনিশ
মার্কিন যুক্তরাষ্ট্র,ইংরেজি ভাষা <OR> ইংরেজি
ফিলিপিনোরা,ফিলিপিনো
মহারাষ্ট্রীয়,মারাঠি
স্টকহোম পৌরসভা,সুইডিশ
কোয়লিয়ো,ফিনিশ
বুর্কিনাবি,ফরাসি
ডাচ রাজ্য,ডাচ
কালিক্স পৌরসভা,সুইডিশ <OR> সুইডিশ ভাষা <OR> ফিনিশ
মাইনামাকি,ফিনিশ
পিহারান্তা,ফিনিশ
পশ্চিম সাহারা,স্প্যানিশ
ইনগুশেটিয়া,রুশ <OR> ইনগুশ
অস্টুরিয়া,স্প্যানিশ
সালো।,ফিনিশ
মর্গেস,ফরাসি
ওভার্টর্নিও পৌরসভা,সুইডিশ <OR> ফিনিশ
আইল ডি ফ্রান্স,ফরাসি
ভাস্তাবোল্যান্ড,ফিনিশ
আইভোরিয়ান,ফরাসি
অ্যান্টিলিয়ান,ডাচ <OR> পাপিয়ামেন্টো
ফ্লোরিডা,ইংরেজি ভাষা <OR> ইংরেজি
নানতালি,ফিনিশ
তোহমাজার্ভি,ফিনিশ
কাতালুনিয়া,কাতালান <OR> স্প্যানিশ <OR> কাতালান ভাষা <OR> কাতালান <OR> কাতালান <OR> কাস্তিলিয়ান
ভ্যালেন্সিয়ান,স্প্যানিশ <OR> কাস্তিলিয়ান
আইরিশ প্রজাতন্ত্র,ইংরেজি <OR> আইরিশ
আর্কানসাস,ইংরেজি
সাম্রাজ্যিক স্প্যানিশ,স্প্যানিশ
মালদ্বীপ দ্বীপপুঞ্জ,মালদ্বীপের <OR> ধিভেহি
আন্তর্জাতিক পারমাণবিক শক্তি সংস্থা,রুশ
সোভিয়েত ইউনিয়ন,রুশ ভাষা <OR> রুশ ভাষা <OR> রুশ <OR> রুশ ভাষা
তৃতীয় যুগোস্লাভিয়া,সার্বিয়ান
গামলাকার্লেবি,সুইডিশ <OR> ফিনিশ
দাগেস্তান,ডারগিন <OR> কুমিক ভাষা <OR> আজারবাইজানী <OR> রুতুল <OR> আজেরি <OR> রুশ <OR> চেচেন <OR> আভার ভাষা <OR> লেজগিয়ান <OR> দার্গওয়া <OR> লেজগিয়ান ভাষা <OR> টসাক্সুর <OR> লেজগিন <OR> ডারগিন ভাষা <OR> আগুল <OR> লেজগি <OR> আঘুল <OR> কুমিক <OR> নোগাই <OR> অভার।
সর্বাধিক শান্তিপূর্ণ প্রজাতন্ত্র,ইতালীয় <OR> ভেনিসিয়ান <OR> লাতিন
কাশুবিয়া,কাশুবিয়ান <OR> পোলিশ <OR> কাশুবিয়ান ভাষা
গণতান্ত্রিক কাম্পুচিয়া,খমের
নাগর্নো কারাবাখ প্রজাতন্ত্র,আর্মেনিয়ান
খাবারোভস্কি ক্রাই,রুশ
তির্নাভা,ফিনিশ
প্রোভেন্সাল,ফরাসি
লাপুয়া,ফিনিশ
এউস্কাদি,স্প্যানিশ <OR> বাস্ক <OR> বাস্ক
বসনিয়ান,সার্ব <OR> বসনিয়ান ভাষা <OR> সার্বিয়ান সিরিলিক <OR> বোসনিয়াক <OR> ক্রোয়েশিয়ান <OR> সার্বিয়ান <OR> সার্বিয়ান উপনাম <OR> ক্রোয়াট
ওয়ালুনস,ফরাসি
এরেতজ ইসরায়েল,হিব্রু
লাও পিডিআর,লাও ভাষা
সোভিয়েত রাশিয়া,রুশ ভাষা <OR> রুশ
উত্তর ওয়েলস,ওয়েলশ-মাধ্যমিক <OR> ওয়েলশ
কিরগিজস্তান,রুশ ভাষা <OR> কিরগিজ <OR> কিরগিজ ভাষা <OR> কিরগিজ ভাষা <OR> কিরগিজ <OR> রুশ <OR> রুশ ভাষা
জুয়ানকোস্কি,ফিনিশ
বেলারুশিয়ান এসএসআর,পোলিশ <OR> রুশ <OR> বেলারুশিয়ান
প্যাসিফিক অ্যালায়েন্স,স্প্যানিশ
ওসিই,ইতালীয়
"সিমো, ফিনল্যান্ড।",ফিনিশ
কিউস্টেনডিল প্রদেশ,বুলগেরিয়ান
জিংফো,কাচিন রাজ্য
সিমো।,ফিনিশ
ট্রেন্টিনো-দক্ষিণ টিরোল,ইতালীয়
ভেনিস,ভেনেটো <OR> ইতালীয় ভাষা <OR> ভেনিসীয় ভাষা <OR> ইতালীয় <OR> লাতিন <OR> পুরাতন ইতালীয় <OR> ভেনিসিয়ান <OR> ভেনিসীয় ভাষা
গ্রিনল্যান্ড,গ্রিনল্যান্ডীয় ভাষা <OR> পশ্চিম গ্রিনল্যান্ডিক <OR> গ্রিনল্যান্ডিক <OR> কালাল্লিসুত ভাষা <OR> পশ্চিম গ্রীনল্যান্ডিক <OR> কালাল্লিসুত।
স্লোভাক,স্লোভাক ভাষা
পোর্তুগিজ শাসন,পোর্তুগিজ
বস্কো গুরিন,ইতালীয়
সার্বীয় অর্থোডক্স গির্জা,সার্বিয়ান <OR> সার্বিয়ান ভাষা <OR> সার্বিয়ান সিরিলিক
ব্র্যান্ডো,সুইডিশ
ফ্রেডরিকশাম্ন,ফিনিশ ভাষা <OR> ফিনিশ
ফিলিপাইনসের ভাষায় বাইবেল অনুবাদ,ফিলিপাইন ভাষাসমূহ
"আউটোকুম্পু, ফিনল্যান্ড।",ফিনিশ
সলোমন দ্বীপপুঞ্জ,ইংরেজি ভাষা <OR> ইংরেজি
নুনাভুট,ফরাসি ভাষা <OR> ইনুইননাকটুন <OR> ইনুকটিটুট <OR> ইংরেজি <OR> ফরাসি <OR> ফরাসি ভাষা <OR> ইনুকটিটুট ভাষা <OR> ফ্রাঙ্কোফোন <OR> ইনুকটিটুক
আবখাজি,আবখাজিয়ান <OR> রুশ
কালাল্লিত নুনাত,গ্রিনল্যান্ডিক <OR> কালাল্লিসুত ভাষা
এসসিজি,সার্বিয়ান
আওমেন,চীনা
নেদারল্যান্ডস অ্যান্টিলস,ডাচ
ভ্যাটিকান সিটি রাষ্ট্র,ইতালীয়
ইনকা সাম্রাজ্য,কেচুয়া ভাষা <OR> কেচুয়া
স্বেনস্কসুন্ড।,ফিনিশ
বাশকির,রুশ <OR> বাস্কোর্তোস্তান
আর্মি পাবলিক স্কুল,ইংরেজি
হল্যান্ড,ডাচ
সুইডিশ,রোমানি <OR> ফিনিশ
তিমুরিদ রাজবংশ,ফারসি
লিমোজিন,ফরাসি ভাষা <OR> ফরাসি
সুখুমি জেলা,রুশ
রুশ।,পুরাতন রুশ <OR> রুশ <OR> পুরাতন পূর্ব স্লাভিক
মোলিনা ডি সেগুরা,স্প্যানিশ
মেক্সিকো সংযুক্ত রাজ্য,স্প্যানিশ
ফেরো দ্বীপপুঞ্জ,ড্যানিশ <OR> ফ্যারোইজ
কাতালান স্টাডিজ ইনস্টিটিউট,কাতালান ফিলোলজি <OR> কাতালান <OR> কাতালান ভাষা <OR> মানক ক্যাটালান
মেক্সিকান,স্প্যানিশ <OR> স্প্যানিশ ভাষার <OR> স্প্যানিশ ভাষা
ক্লুসিয়াম,এট্রাস্কান
লুহাঙ্কা,ফিনিশ
প্যালেস্টাইনী,হিব্রু
বাস্ক স্বায়ত্তশাসিত অঞ্চল,স্প্যানিশ <OR> বাস্ক ভাষা <OR> বাস্ক
কিউবেক,ফরাসি
টিএন,ইংরেজি ভাষা
বাইজেন্টাইন সম্রাট,লাতিন
নরফোক দ্বীপ,নর্ফুক ভাষা <OR> ইংরেজি <OR> ইংরেজি ভাষা <OR> নর্ফুক
ফর্সা,ফিনিশ
ট্রেন্টিনো আল্টো অ্যাডিজে,ইতালীয়
নেনেটস,রুশ
রুশরা,সুইডিশ <OR> পোলিশ <OR> ফিনিশ <OR> রুশ <OR> রুশ ভাষা
ব্রাসেলস,NL <OR> ডাচ <OR> ফরাসি
পিঠিপুডাস,ফিনিশ
বস্কো/গুরিন,ইতালীয়
নাভারre,স্প্যানিশ <OR> বাস্ক <OR> বাস্ক <OR> স্প্যানিশ ভাষা <OR> বাস্ক ভাষা <OR> হিস্পানিক <OR> এউস্কেরা
ভার্জিনিয়া,ইংরেজি ভাষা <OR> ইংরেজি
কাইজjärvi,ফিনিশ
ডোনেটস্ক অঞ্চল,ইউক্রেনীয় <OR> রুশ
সাধারণ বাজার,গ্রীক <OR> আইরিশ
মঙ্গোলিয়া,মঙ্গোল <OR> আধুনিক মঙ্গোলিয়ান <OR> খালখা-মঙ্গোলিয়ান <OR> মঙ্গোলিয়ান সঠিক। <OR> মঙ্গোলিয়ান ভাষা <OR> মঙ্গোলিয়ান ভাষা <OR> মঙ্গোলিয়ান
ইউএনও,স্প্যানিশ <OR> ফরাসি
পার্কানো,ফিনিশ
নাগর্নো-কারাবাখ প্রজাতন্ত্র,আর্মেনিয়ান
ইলিভিস্কা,ফিনিশ
ম্যানুয়ালি কোডেড ইংরেজি,ইংরেজি ভাষা <OR> ইংরেজি
ভালা।,ফিনিশ
ফ্রিসল্যান্ড,পশ্চিম ফ্রিজিয়ান <OR> ডাচ <OR> ফ্রিজিয়ান <OR> পশ্চিম ফ্রিজিয়ান ভাষা
পোইট্যা,ফিনিশ
ইতালীয় শৈলী,ইতালীয়
তাহুانتিনসুয়ো,কেচুয়া
সার্বিয়ান ক্রাজিনা প্রজাতন্ত্র,সার্বিয়ান
মেক্সিকো,স্প্যানিশ ভাষা <OR> স্প্যানিশ <OR> স্প্যানিশ ভাষা <OR> স্প্যানিশ ভাষা <OR> হিস্পানিক <OR> কাস্তিলিয়ান
ইন্দোনেশিয়া প্রজাতন্ত্র,ইন্দোনেশীয়
ডিএনআর,ইউক্রেনীয় <OR> রুশ
অরিপää,ফিনিশ
লুহানস্ক,ইউক্রেনীয় <OR> রুশ
ইউগোস্লাভিয়া,সার্বিয়ান সিরিলিক <OR> সার্বো-ক্রোয়েশিয়ান <OR> সার্বিয়ান <OR> সার্বো-ক্রোয়েশিয়ান-স্লোভেনিয়ান
পিয়েকসামাকি,ফিনিশ
কার্থেজীয় সাম্রাজ্য,পুনিক
আরাসেনা,স্প্যানিশ
কাংগাসালা,ফিনিশ
ভিয়েতনাম যুদ্ধ,ভিয়েতনামী
হঙ্কাজোকি,ফিনিশ
কিরগিজিয়া,রুশ
রিওজা আলটা,স্প্যানিশ
আর্মেনিয়া,আর্মেনিয়ান <OR> আর্মেনিয়ান-ভাষা <OR> আর্মেনিয়ান ভাষা <OR> আধুনিক আর্মেনীয় <OR> আধুনিক আর্মেনিয়ান
বিশেষ পৌরসভা,ডাচ
মারিয়ানহামিনা,সুইডিশ ভাষী
ম্যাকাও,চীনা <OR> পোর্তুগিজ
কাডেনাজ্জো,ইতালীয়
সার্ব অর্থডক্স,সার্বিয়ান <OR> সার্বিয়ান সিরিলিক
ইউকাতান প্রজাতন্ত্র,স্প্যানিশ
প্রোভেন্সাল,ফরাসি
"মৌডন, সুইজারল্যান্ড।",ফ্রাঙ্কোফোন
জেনেভা,ফরাসি ভাষা <OR> ফরাসি ভাষা <OR> ফরাসি
এমসিই,ইংরেজি ভাষা <OR> ইংরেজি
এনএইচ,ইংরেজি
হেমেনকোস্কি,ফিনিশ
কারাচায়–চেরকেসিয়া,কারাচায়-বালকার <OR> রুশ
ইন্দোনেশিয়ান সরকার,ইন্দোনেশীয় <OR> ইন্দোনেশিয়া
সিঙ্গাপুর,মালয় <OR> தமிழ்
হাঙ্গেরিয়ান প্রজাতন্ত্র,হাঙ্গেরিয়ান
মান্নিন,ইংরেজি <OR> ম্যানx ভাষা সমাজ <OR> ম্যানx
দক্ষিণ কোরীয়,হাঙ্গুল <OR> কোরিয়ান ভাষা <OR> উত্তর কোরীয় <OR> কোরিয়ান ভাষা
সি.,ফরাসি
বেলারুশ,বেলারুশিয়ান <OR> রুশ <OR> বেলারুশিয়ান <OR> বেলারুশিয়ান ভাষা <OR> রুশ ভাষা
গ্রেনাডা,ইংরেজি <OR> গ্রেনেডিয়ান ক্রিওল ইংরেজি <OR> গ্রেনেডিয়ান ক্রিওল <OR> গ্রেনেডিয়ান ক্রিওল ফরাসি
সেলাঙ্গার,সুইডিশ
পিয়েলাভেসি,ফিনিশ
অরেঞ্জ ফ্রি স্টেট,ডাচ
মার্কোসুর,স্প্যানিশ <OR> গুয়ারানি <OR> পোর্তুগিজ
ইরাক,কুর্দিশ ভাষা <OR> কুর্দিশ ভাষা <OR> কুর্দিশ
ন্যাটো,ইংরেজি <OR> ফরাসি <OR> এফআর
বুরিয়াত প্রজাতন্ত্র,রুশ <OR> বুরিয়াত
প্রিডনেস্ত্রোভি,ইউক্রেনীয় <OR> মলদোভা <OR> মলদোভিয়ান <OR> রুশ <OR> মলদোভান
টুটমন্ডা এস্পেরান্তিস্টা জুনুলার অর্গানিজো,এস্পেরান্তো
ইনারি সামি,"ইনারি, ফিনল্যান্ড। <OR> আনার"
কিং চীন,ক্যান্টোনিজ <OR> চীনা <OR> মঙ্গোলিয়ান
আজাদ জম্মু কাশ্মীর,উর্দু
সৌভো,ফিনিশ
রিপাবলিকা সার্পস্কা ক্রাইনা,সার্ব। <OR> সার্বিয়ান
আইসল্যান্ড,আইসল্যান্ডীয় ভাষা <OR> আধুনিক আইসল্যান্ডিক <OR> আইসল্যান্ডিক ভাষা <OR> আইসল্যান্ডিক
পার্টুনমা,ফিনিশ
হামিনা,ফিনিশ
ফ্রান্সের প্রজাতন্ত্র,ফরাসি
চেকরা,চেক ভাষা
আইএসও,আরইউ <OR> ইএন <OR> ইংরেজি ভাষা <OR> ইংরেজি <OR> ফরাসি <OR> এফআর <OR> রুশ
লুমপারল্যান্ড।,সুইডিশ
রনকো সোপ্রা আসকোনা,ইতালীয়
মেরিকারভিয়া,ফিনিশ
তুর্কি প্রজাতন্ত্র,তুর্কি
আরাগোনিজ,স্প্যানিশ <OR> কাতালান <OR> কাতালান ভাষা <OR> লাতিন
হেরাত,দারি।
কোইম্বাটোর,தமிழ் மொழி <OR> தமிழ்
কেবেক,ফরাসি ভাষা <OR> ফরাসি ভাষা <OR> ফরাসি <OR> মানক ফরাসি <OR> ফরাসি ভাষা <OR> ফ্রাঙ্কোফোন <OR> ফরাসি ভাষা <OR> ফ্রাঙ্কোফোন
বিয়েল/বিয়েন্নে,জার্মান ভাষা <OR> ফরাসি
দাহোমে,ফরাসি
আখেমেনিড যুগ,পুরাতন পার্সিয়ান
মাস্কু,ফিনিশ
ম্যাডাগাস্কার,মালাগাসি ভাষা <OR> ফরাসি <OR> ফরাসি ভাষা <OR> মালাগাসি <OR> মালাগাসি ভাষা <OR> ফ্রাঙ্কোফোন
হাইরিনসালমি,ফিনিশ
পর্নাইনেন,ফিনিশ
এত মাইট।,আমাজিগ
আফগানিস্তান,দারি-ফার্সি <OR> দারি। <OR> দারি-ভাষী <OR> দারি ভাষা <OR> দারি পার্সিয়ান <OR> দারি (ফারসি)
উত্তর আমেরিকা মুক্ত বাণিজ্য চুক্তি,স্প্যানিশ <OR> ফরাসি
জুকা,ফিনিশ
ইতালীয়রা,ইতালীয়
ইংরেজি বহুবচন,ইংরেজি
এফআরজি,জার্মান
পন্টিফিকাল একাডেমি ফর ল্যাটিন,লাতিন ভাষা <OR> লাতিন
উত্তর ওসেতিয়া,রুশ
মহারাষ্ট্র,মারাঠি <OR> মারাঠি ভাষা <OR> মারাঠি ভাষা <OR> মারাঠি ভাষা
ইকুয়েডর,কুইচুয়া <OR> স্প্যানিশ <OR> কিচওয়া <OR> স্প্যানিশ ভাষা <OR> কাস্তিলিয়ান
রাবিনাল,স্প্যানিশ
দক্ষিণ ওয়েলস,ওয়েলশ
ফিলিপাইনস,অ্যাঙ্গ্লিকাইজড <OR> জাতীয় ভাষা <OR> ফিলিপিনো <OR> ইংরেজি ভাষা <OR> ইংরেজি <OR> পিলিপিনো <OR> ফিলিপিনো ভাষা <OR> টাগালোগ <OR> ফিলিপিনো ভাষা <OR> ফিলিপিনো ভাষা
অন্ধ্র,తెలుగు భాష <OR> తెలుగు <OR> తెలుగు భాష
দ্বীপপুঞ্জ,ফিলিপিনো <OR> ফিলিপিনো ভাষা
নাস্তোলা,ফিনিশ
সেন্ট-পিয়ের-এট-মিকেলন,ফরাসি
স্লোভেনীয় ভাষা,স্লোভেনিয়া
সার্বিয়ান প্যাট্রিয়ার্ক,সার্বিয়ান <OR> সার্বিয়ান সিরিলিক
"ইনারি, ফিনল্যান্ড।",স্কল্ট সামি <OR> ফিনিশ <OR> ইনারি <OR> স্কল্ট সামি <OR> উত্তর সামি <OR> ইনারি সামি
লিওনের রাজ্য,স্প্যানিশ <OR> লিওনিজ <OR> লাতিন
মেঘালয়,ইংরেজি <OR> গারো <OR> খাসি ভাষা <OR> খাসি
পেরু,স্প্যানিশ ভাষা <OR> দক্ষিণ কেচুয়া <OR> আইমারান <OR> আইমারা <OR> আইমারা <OR> স্প্যানিশ <OR> কেচুয়া <OR> দক্ষিণ কেচুয়া ভাষা <OR> স্প্যানিশ ভাষা <OR> কাস্তেল্লানো <OR> হিস্পানিক <OR> কাস্তিলিয়ান
জেনের রাজ্য,স্প্যানিশ
হাত্তুলা,ফিনিশ
ওয়োমিং,ইংরেজি
ভিয়েতনাম,ভিয়েতনামী ভাষা <OR> ভিয়েতনামী <OR> ভিয়েতনামী ভাষা
ডোনেৎস্ক প্রদেশ,রুশ
ভারত নিয়ন্ত্রিত কাশ্মীর,উর্দু
জম্মু,উর্দু
সোরেঙ্গো,ইতালীয়
মেক্সিকান মানুষ,স্প্যানিশ
কাজাখস্তান,কাজাখ
মোজাম্বিক,ইউরোপীয় পর্তুগিজ <OR> পোর্তুগিজ ভাষা <OR> পোর্তুগিজ <OR> ব্রাজিলিয়ান পর্তুগিজ <OR> পোর্তুগিজ ভাষা
ওসেটিয়ানরা,রুশ <OR> অসেতিয়ান
মধ্য মেক্সিকো,স্প্যানিশ
বেনেলাক্স অর্থনৈতিক ইউনিয়ন,ডাচ <OR> ফরাসি
আবো,সুইডিশ <OR> সুইডিশ-ভাষা <OR> সুইডিশ ভাষাভাষী <OR> ফিনিশ
ঔপনিবেশিক হংকং।,চীনা
কেবেক সিটি,ফরাসি ভাষা <OR> ফরাসি ভাষা <OR> ফরাসি <OR> ফরাসি ভাষা <OR> ফ্রাঙ্কোফোন
হাঙ্গেরির রাজ্য (১৯২০–৪৬),হাঙ্গেরিয়ান <OR> ম্যাগ্যার
কাউনিয়াইন,সুইডিশ <OR> ফিনিশ
আন্ধ্র প্রদেশ,తెలుగు భాష <OR> తెలుగు భాష <OR> শ্রীলঙ্কান জিপসি তেলুগু <OR> తెలుగు <OR> తెలుగు
অসিক্কালা,ফিনিশ
টেসিন,ইতালীয়
সুইডিশ ইউনিয়ন,সুইডিশ
ভানুয়াতু,ইংরেজি <OR> ফরাসি <OR> ফরাসি ভাষা <OR> ফ্রাঙ্কোফোন <OR> অ্যাঙ্গ্লোফোন <OR> বিসলামা <OR> ফ্রাঙ্কোফোন
গোগুরিয়ো,গোগুরিয়ো ভাষা
যামাল-নেনেটস স্বায়ত্তশাসিত ওক্রুগ,নেনেটস <OR> রুশ
ক্যামেরুন,ফরাসি
বুগান্ডা,লুগান্ডা <OR> গণ্ডা <OR> গান্ডা ভাষা
নেদারল্যান্ডসের রাজ্য,ডাচ
নাজি জার্মানি,জার্মান <OR> মানক জার্মান। <OR> গ্র. <OR> জার্মান ভাষা <OR> জার্মান ভাষা
সোভিয়েত ইউনিয়ন,রুশ ভাষা <OR> রুশ
চিয়াসো,ইতালীয় ভাষা <OR> ইতালীয়
তুর্কু,সুইডিশ <OR> সুইডিশ ভাষা <OR> ফিনিশ <OR> স্ব. <OR> সুইডিশ ভাষা
বোটকির্কা,সুইডিশ
নিউ-ব্রunswick,ইংরেজি
পশ্চিম ইরিয়ান জায়া,ইন্দোনেশীয়
লুহানস্ক পিপলস রিপাবলিক,ইউক্রেনীয় <OR> রুশ ভাষা
তুর্কমেন এসএসআর,তুর্কমেন <OR> রুশ
স্প্যানিয়ার্ড,স্প্যানিশ <OR> স্প্যানিশ ভাষা
থাইল্যান্ড,মধ্য থাই <OR> থাই ভাষা <OR> থাই <OR> থাই <OR> মানক থাই <OR> থাই ভাষা <OR> থাই ভাষা <OR> মানক থাই <OR> থাই ভাষা
কাজভিন প্রদেশ,আজারবাইজানী <OR> ফার্সি
থাই - ভিয়েতনামী,থাই
OCDE,ফরাসি
গ্যাবন প্রজাতন্ত্র,ফরাসি
নুরিস্তান প্রদেশ,নুরিস্তানি
আখেমেনিড পারস্য,গ্রীক <OR> প্রাচীন গ্রীক
ইউরোপীয় ফুটবল,ইংরেজি <OR> ফরাসি
মার্কোসুল,স্প্যানিশ <OR> পোর্তুগিজ
গায়ানা,ফরাসি
টোগলিয়াত্তি,রুশ
নিউশাতেল,ফরাসি <OR> পুরাতন ফরাসি
তুর্কমেন,রুশ
নেদারল্যান্ডস,ডাচ
ভিশি শাসন,ফরাসি
জায়ার,ফরাসি
প্রথম বুলগেরিয়ান সাম্রাজ্য,মধ্যযুগীয় গ্রীক <OR> পুরাতন গির্জা স্লাভনিক <OR> পুরাতন গির্জা স্লাভনিক ভাষা <OR> পুরাতন বুলগেরিয়ান <OR> বাইজেন্টাইন গ্রীক
ওয়ালুন অঞ্চল,ফরাসি <OR> ফ্রাঙ্কোফোন
සිංහල,தமிழ்
জর্জিয়ান গির্জা,ქართული
নিউইয়ান,ইংরেজি
আক্কাদ,আক্কাদীয়ান
আসিরিয়া,আসিরিয়ান <OR> আক্কাদ <OR> আক্কাদীয়ান <OR> সুমেরীয় ভাষা <OR> আক্কাদীয় ভাষা <OR> আরামাইক
ইয়ালতা,রুশ
কননেভেসি,ফিনিশ
আলতাই,রুশ
স্পেনের সরকার,স্প্যানিশ
লাপ্পেনরান্টা,ফিনিশ
সেরেনিসিমা,ইতালীয় <OR> লাতিন <OR> ভেনিসিয়ান
হাওয়াই সংস্কৃতি,হাওয়াইয়ান ভাষা <OR> ইংরেজি ভাষা <OR> হাওয়াইয়ান <OR> স্থানীয় হাওয়াইয়ান
আইসো মান,ইংরেজি <OR> ফরাসি
"পেম্বা, মোজাম্বিক।",পোর্তুগিজ
ব্রিটিশ শাসন,চীনা
সিঙ্গাপুর,পুতংহুয়া <OR> ইংরেজি ভাষা <OR> ইংরেজি <OR> আধুনিক মানক ম্যান্ডারিন <OR> মানক ভাষা <OR> আধুনিক মানক চীনা <OR> মালয় <OR> মালয় ভাষা <OR> தமிழ் மொழி <OR> মালয় ভাষা <OR> তামিল চলচ্চিত্র <OR> தமிழ் <OR> মালয় ভাষা <OR> মানক চীনা <OR> தமிழ் மொழி <OR> தமிழ் மொழி
কোত দিভোয়ার,ফরাসি ভাষা <OR> ফরাসি
বান্টেন,ইন্দোনেশিয়ান <OR> জাভানিজ <OR> সুন্দানিজ ভাষা <OR> সুন্দরী <OR> ইন্দোনেশিয়া
হাঙ্গেরিয়ান রাষ্ট্র,হাঙ্গেরিয়ান <OR> ম্যাগ্যার।
অল্ডার্নি,ইংরেজি
কাজাখ,কাজাক
হানিঙ্গে,সুইডিশ
থিরুভনন্তপুরম,মালয়ালম <OR> മലയാളം <OR> মালায়ালম ভাষা
তিন হাই কুয়ান,ভিয়েতনামী
হাঙ্গেরি,হাঙ্গেরিয়ান <OR> ম্যাগ্যার
পোর্তুগিজ প্রজাতন্ত্র,পোর্তুগিজ
আন্তর্জাতিক অলিম্পিক কমিটি,ইংরেজি ভাষা <OR> ইংরেজি <OR> ফরাসি
গ্রীক ভাষা,আর্মেনিয়া <OR> আলবেনিয়া <OR> ইউরোপীয় ইউনিয়ন <OR> সাইপ্রিয়ট <OR> সাইপ্রাস <OR> গ্রীস <OR> ইতালি <OR> ইউক্রেন <OR> গ্রীক <OR> জি আর
পশ্চিম কেপ প্রদেশ,ইংরেজি <OR> আফ্রিকানস
ওডেসা অঞ্চল,ইউক্রেনীয়
প্রিলি,ফরাসি
কমোরিয়ান,ফরাসি
সিসিসিপি,রুশ
ফারাহ,দারি।
গ্রীক,আর্মেনিয়া <OR> এলাদা <OR> গ্রীস <OR> গ্রিক উপদ্বীপ <OR> গ্রীক দ্বীপসমূহ। <OR> গ্রীকরা <OR> গ্রিক <OR> ইউরোপীয় সম্প্রদায়সমূহ <OR> ইউরোপ <OR> ইইউ <OR> জি আর <OR> গ্রিক মানুষ <OR> আলবেনিয়া <OR> সাধারণ বাজার <OR> গ্রিস <OR> গ্রিক সাইপ্রিয়ট <OR> ইউরোপীয় ইউনিয়ন <OR> সাইপ্রিয়ট <OR> সাইপ্রাস <OR> ইতালীয় <OR> আলবেনিয়ান <OR> ইতালীয়রা <OR> ইতালি <OR> হেলেনes <OR> ইউক্রেন <OR> হেলেনিক প্রজাতন্ত্র
বামিয়ান প্রদেশ,দারি।
এগালিয়া,সুইডিশ
தமிழ்நாடு,তামিল সিনেমা <OR> தமிழ் மொழி <OR> தமிழ் மொழி <OR> শাস্ত্রীয় তামিল <OR> தமிழ்
"পাঞ্জাব, ভারত।",পাঞ্জাবি ভাষা <OR> ਪੰਜਾਬੀ ਭਾਸ਼ਾ <OR> পাঞ্জাবি ভাষা <OR> ਪੰਜਾਬੀ
লাউকা,ফিনিশ
ইন্দোচীন,ভিয়েতনামী ভাষা
হেইনাভেসি,ফিনিশ
নেও-আসিরীয় সাম্রাজ্য,আক্কাদীয়ান
কেবেক,ফরাসি ভাষা <OR> ফ্রাঙ্কোফোন <OR> ফরাসি ভাষা <OR> ফরাসি <OR> ফরাসি ভাষা <OR> ফরাসি ভাষা <OR> ফ্রাঙ্কোফোন
ইউপেন,জার্মান ভাষা
সার্ব অর্থডক্স চার্চ,সার্বিয়ান সিরিলিক
ব্রাসেলস,ডাচ <OR> ফরাসি
ভিতাসারি,ফিনিশ
শিমলা,হিন্দি
কিয়েভ,পুরাতন পূর্ব স্লাভিক <OR> পুরাতন রুথেনিয়ান
কম্বোডিয়া,খমের ভাষা <OR> খমের <OR> খমের ভাষা <OR> মধ্য খমের
জাতিসংঘ সংস্থা,ফরাসি
সোমালিল্যান্ড,সোমালি
মোনেগাস্ক,ফরাসি
টাম্পেরে,ফিনিশ ভাষা <OR> ফিনিশ
এমপিআর,মঙ্গোলিয়ান
ডাচম্যান,ডাচ
জেডএআর,ডাচ
গ্রীক অর্থডক্স,গ্রীক
চেক,চেক ভাষা <OR> চেক ভাষা <OR> স্লোভাক
বিশ্ব স্বাস্থ্য সংস্থা (হু),ফরাসি
ম্যাসেডোনিয়া,ম্যাসেডোনিয়ান ভাষা <OR> ম্যাসেডোনিয়ান স্লাভিক <OR> স্ট্যান্ডার্ড ম্যাসেডোনিয়ান <OR> ম্যাসেডোনিয়ান সিরিলিক <OR> ম্যাসেডোনিয়ান ভাষা <OR> ম্যাসেডোনিয়ান
পেরয়,ফরাসি
ইনগুশ স্বায়ত্তশাসিত অঞ্চল,রুশ
আদিগেহ,রুশ
সাম্রাজ্যিক রাশিয়ান,পোলিশ <OR> রুশ <OR> পোলিশ-ভাষা <OR> ফিনিশ
গ্রেনাডিয়ান,ইংরেজি
সোটকামো,ফিনিশ
রুশ সম্রাট,রুশ
রিস্টিনা,ফিনিশ
তাওয়ান্তিন সুয়ু,কেচুয়া
জুপাজোকি,ফিনিশ
চিং রাজবংশ,চীনা
"মেলিদে, সুইজারল্যান্ড।",ইতালীয় ভাষা
পেরহো।,ফিনিশ
"সুন্ড, অ্যাল্যান্ড।",সুইডিশ
হাপারান্ডা পৌরসভা,সুইডিশ <OR> ফিনিশ
রুশко,ফিনিশ
মলদোভা,মলদোভিয়ান <OR> রোমানিয়ান ভাষা <OR> রোমানিয়ান ভাষা <OR> রোমানিয়ান <OR> রোমানিয়ান প্রবাসী সম্প্রদায় <OR> মলদোভান
ফিজিয়ান দ্বীপপুঞ্জ,ফিজিয়ান
লোজান্নে,ফরাসি ভাষা <OR> ফরাসি ভাষা <OR> ফরাসি
নাভার্রার ফরাল কমিউনিটি,স্প্যানিশ <OR> বাস্ক ভাষা <OR> বাস্ক
কুর্দিস্তান,কুর্দিশ ভাষা <OR> কুর্দিশ উপভাষাসমূহ <OR> কুর্দি <OR> কুর্দিশ
মেন্টসালা,ফিনিশ
কসমেট,আলবেনিয়ান <OR> সার্বিয়ান
চেক্সব্রেস।,ফরাসি
আর্মেনিয়ান স্থাপত্যের উপর গবেষণা,আর্মেনিয়ান
কেপভার্দিয়ান,সাল <OR> সাও ভিসেন্টে <OR> সান্তো আন্তাও <OR> পোর্তুগিজ <OR> সাও ভিসেন্ট ক্রিওলো <OR> ক্রেওল
হালসুয়া,ফিনিশ
মাইনর্কা,স্প্যানিশ <OR> কাতালান <OR> কাতালান ভাষা
জার,সুইডিশ <OR> রুশ
মাল্টিজ দ্বীপপুঞ্জ,মাল্টিজ
স্লোভেনিয়া,স্লোভেনিয়ান <OR> স্লোভেনীয়
ক্রান্স-প্রেস-সেলিগনি,ফরাসি
পশ্চিম পাপুয়া (প্রদেশ),ইন্দোনেশিয়া
এনএলডি,ডাচ
গিনি-বিসাউ,পোর্তুগিজ ভাষা <OR> পোর্তুগিজ ভাষা <OR> পোর্তুগিজ
কানাডিয়ান-আমেরিকান,ফরাসি
টিমর-লেস্তে,টেটাম <OR> পোর্তুগিজ ভাষা <OR> পোর্তুগিজ
কান্নাস,ফিনিশ
ফরাসি সরকার,ফরাসি
আরএসএস,রুশ
ইংরেজি বহুবচন,ইংরেজি
অর্থডক্স খ্রিস্টানরা,সার্বিয়ান
অটোমান দেশসমূহ,অটোমান তুর্কি
ল্যাব্রাডর,ইংরেজি ভাষা <OR> ইংরেজি
ওডেসা অঞ্চল,রুশ ভাষা <OR> ইউক্রেনীয় <OR> রুশ <OR> ইউক্রেনীয় ভাষা
মানক ডাচ,ডাচ
সুরিনাম,ডাচ <OR> ডাচ ভাষা
ড্যানিশ রাজ্য,ড্যানিশ
একারো,সুইডিশ
যাও।,রুশ
তাজিকিস্তান,তাজিক ভাষা <OR> তাজিকি <OR> তাজিক
তেজো,এস্পেরান্তিস্টরা। <OR> এস্পেরান্তো
মঙ্গোলিয়ান পিপলস রিপাবলিক,মঙ্গোল <OR> মঙ্গোলিয়ান
শেলটেন।,ফরাসি
সার্বরা,সার্ব। <OR> সার্বিয়ান <OR> সার্বিয়ান সিরিলিক
সান হুয়ান বাউটিস্টা,স্প্যানিশ
ভ্যাটিকান সিটি,ইতালীয়
লারেস,ইংরেজি
উত্তর আটলান্টিক চুক্তি সংস্থা,ফরাসি
সাম্রাজ্যবাদী স্পেন,স্প্যানিশ
লিখটেনস্টাইন,জার্মান-ভাষা <OR> জার্মানিক
লিম্বুর্গ (বেলজিয়াম),ডাচ
কিরগিজস্তান,কিরগিজ ভাষা
মস্কোভাইট যুগ,রুশ
ইএসএ,ইংরেজি <OR> ফরাসি
কমিউনিডাড ভ্যালেন্সিয়ানা,স্প্যানিশ
ক্রাসনোদার ক্রাই,রুশ
দক্ষিণ ক্যারোলিনা,ইংরেজি
অস্টারআকার পৌরসভা,সুইডিশ
ভিলহেলমিনা পৌরসভা,সুইডিশ
ক্রিমিয়া,ক্রিমিয়ান তাতার <OR> ইউক্রেনীয় <OR> রুশ <OR> আরইউ
কেনিয়া,সোয়াহিলি <OR> ইংরেজি ভাষা <OR> ইংরেজি <OR> সোয়াহিলি ভাষা <OR> সোয়াহিলি ভাষা <OR> কিসওয়াহিলি ভাষা <OR> সোয়াহিলি ভাষা <OR> সোয়াহিলি <OR> কিসওয়াহিলি
ইপাজা,ফিনিশ
সুোমেননিমি,ফিনিশ
স্টেলাল্যান্ড,ডাচ
টরফেইন,ইংরেজি <OR> ওয়েলশ
প্রথম প্রজাতন্ত্র,চেক ভাষা <OR> চেক <OR> ফরাসি
মরিশাস,ফরাসি ভাষা <OR> ইংরেজি <OR> ফরাসি <OR> ফরাসি ভাষা <OR> ফ্রাঙ্কোফোন
ইন্ডিয়ানা,ইংরেজি
পশ্চিম গ্রীনল্যান্ড,কালাল্লিসুত।
মেজরকান,স্প্যানিশ <OR> কাতালান <OR> কাতালান ভাষা
লোহজা,সুইডিশ <OR> সুইডিশ ভাষাভাষী <OR> ফিনিশ
টিরোল,ইতালীয়
নেকলিনোভস্কি জেলা,রুশ
ক্যালিফোর্নিয়া,ইংরেজি ভাষা <OR> ইংরেজি <OR> অ্যাংলোফোনস <OR> এংলিকাইজড
রুয়ান্ডা,কিন্যরওয়ান্ডা <OR> ইংরেজি <OR> ইংরেজি ভাষা <OR> ফরাসি <OR> অ্যাঙ্গ্লোফোন <OR> ফ্রাঙ্কোফোন
পূর্ব কালিমান্তান,ইন্দোনেশিয়ান <OR> ইন্দোনেশিয়া
মালাক্স,সুইডিশ <OR> ফিনিশ
সার্ভিয়া,সার্বিয়ান
আইওসি,ইংরেজি <OR> ফরাসি
একাডেমিক সঙফেরেনিংগেন,সুইডিশ
শাংহাই সহযোগিতা সংস্থা,রুশ <OR> চীনা
ডোমিনিকান প্রজাতন্ত্র,স্প্যানিশ
মেন্টিহারজু,ফিনিশ
"কেবেক, কেবেক।",ফরাসি
কাল্মিক,রুশ
দক্ষিণ রাশিয়া (১৯১৯–১৯২০),রুশ
নতুন ব্রunswick,ইংরেজি
আস্কোলা,ফিনিশ
দক্ষিণী সাধারণ বাজার,স্প্যানিশ <OR> পোর্টুগিজ
কেউরু।,ফিনিশ
নেদারল্যান্ডস অ্যান্টিলস,ডাচ <OR> পাপিয়ামেন্টো <OR> পাপিয়ামেন্টু
নাটো স্ট্যান্ডার্ডাইজেশন এজেন্সি,ফরাসি
কানসাস,ইংরেজি
স্বায়ত্তশাসিত প্রজাতন্ত্র ক্রিমিয়া,ক্রিমিয়ান তাতার <OR> ইউক্রেনীয় <OR> রুশ
ভলগা বুলগেরিয়া,বলগার ভাষা
আদিগেহ প্রজাতন্ত্র,রুশ
সৌগেইস প্রজাতন্ত্র,ফরাসি
কলম্বিয়া,স্প্যানিশ ভাষার <OR> স্প্যানিশ <OR> স্প্যানিশ ভাষা <OR> হিস্পানিক <OR> স্প্যানিশ ভাষা
আছে প্রদেশ,ইন্দোনেশীয় <OR> আছেনিজ <OR> আছেনিজ ভাষা <OR> আছে <OR> ইন্দোনেশিয়া
কেন্টাকি,ইংরেজি
দক্ষিণ টিরোল,ইতালীয়কৃত <OR> ইতালীয় <OR> জার্মানিক <OR> জার্মান ভাষা <OR> জার্মান ভাষা
জারবাদী,সুইডিশ <OR> পোলিশ <OR> রুশ <OR> রুশ ভাষা
রয়,ইংরেজি
ফ্লেমিশ সংস্কৃতি,ডাচ <OR> ডাচ ভাষা
এসবো।,সুইডিশ <OR> ফিনিশ
নতুন সান্তান্দার,স্প্যানিশ
ইতালীয় প্রজাতন্ত্র,ইতালীয়
স্প্যানিশ আমেরিকা,কাস্তেল্লানো <OR> স্প্যানিশ
পোল্যান্ড,পোলিশ <OR> রুশ <OR> পোলিশ-ভাষা <OR> পোলিশ ভাষা
রাশিয়ান ফেডারেশন,রুশ ভাষা <OR> ইউক্রেনীয় <OR> ক্রিমিয়ান তাতার <OR> বাস্কির <OR> রুশ ভাষা <OR> এর্জ্যা <OR> আদিগেহ <OR> তাতার <OR> পশ্চিম চেরকেসিয়ান <OR> কুমিক <OR> আবাজা <OR> কোমি। <OR> মারি ভাষা <OR> মেডো মেরি <OR> রুশ <OR> এর্জ্যা ভাষা <OR> মারি
বড় দ্বীপ,ইংরেজি <OR> হাওয়াইয়ান
ম্যাকাউ,চীনা ভাষা <OR> পোর্তুগিজ ভাষা <OR> সরলীকৃত চীনা <OR> চীনা <OR> পোর্তুগিজ
ইকোওয়াস,ফরাসি <OR> ফ্রাঙ্কোফোন
বাস্ক দেশ (স্বায়ত্তশাসিত সম্প্রদায়),স্প্যানিশ <OR> বাস্ক
অটোমান সাম্রাজ্য,অটোমান তুর্কি <OR> অটোমান ভাষা <OR> অটোমান তুর্কি ভাষা <OR> অটোমান
গণতান্ত্রিক কঙ্গো প্রজাতন্ত্র,ফরাসি
নুরিস্তান,দারি। <OR> নুরিস্তানি
রানুয়া,ফিনিশ
অ্যান্টিগুয়া ও বার্বুডা,ইংরেজি
কাজানি,ফিনিশ
অ্যাঙ্গুইলা,ইংরেজি ভাষা <OR> ইংরেজি
মারি এল,মেডো মেরি <OR> রুশ <OR> মারি
দ্রিউচ,আমাজিগ
ম্যানিটোবা,ইংরেজি ভাষা <OR> ইংরেজি
বোনেয়ার,ডাচ <OR> ডাচ ভাষা <OR> পাপিয়ামেন্টো <OR> পাপিয়ামেন্টু
লুমিজোki,ফিনিশ
ডোমিনিকান প্রজাতন্ত্র,স্প্যানিশ <OR> স্প্যানিশ ভাষা <OR> স্প্যানিশ ভাষা
নাংগ্রোe আছে দারুসসালাম,ইন্দোনেশিয়ান <OR> আছেনিজ
মর্ডর,কালো ভাষা
হুইটিনেন,ফিনিশ
অসিসি,স্প্যানিশ <OR> রুশ <OR> ইতালীয় <OR> ফরাসি
উত্তর আমেরিকান মুক্ত বাণিজ্য চুক্তি (নাফটা),স্প্যানিশ <OR> ফরাসি
স্প্যানিশ সাম্রাজ্য,স্প্যানিশ <OR> স্প্যানিশ ভাষা
আফ্রিকান-আমেরিকান,ইংরেজি
জেনেভা,ফরাসি
সুন্দসভাল,সুইডিশ
প্রশ্ন।,ফরাসি
সার্ব ক্রাজিনা,সার্ব <OR> সার্বিয়ান
রোমানিয়া,রোমানিয়ান ভাষা <OR> রোমানিয়ান ভাষা <OR> রোমানিয়ান <OR> ডাকো-রোমানিয়ান <OR> রোমানিয়ান প্রবাসী
উরুগুয়ে,কাস্তিলিয়ান <OR> স্প্যানিশ <OR> স্প্যানিশ ভাষার <OR> স্প্যানিশ ভাষা
পরে জিন।,চীনা <OR> মানচু
সার্বীয় অর্থোডক্স খ্রিস্টান,সার্বিয়ান <OR> সার্বিয়ান সিরিলিক
লিথুয়ানিয়ান,রুথেনিয়ান
পশ্চিম পাকিস্তান,উর্দু
মস্কোভি,রুশ
রোমান সাম্রাজ্য,গ্রিক <OR> লাতিন
পূর্ব পাকিস্তান,বাংলা
বাহামিয়ান,ইংরেজি
সলোমন দ্বীপবাসী,ইংরেজি
রোম,গ্রীক <OR> লাতিন
ব্রাসেলস রাজধানী অঞ্চল,ডাচ <OR> ফরাসি
হাঙ্গেরি,হাঙ্গেরিয়ান <OR> হাঙ্গেরিয়ান ভাষা <OR> হাঙ্গেরিয়ান-ভাষা <OR> ম্যাগয়ার <OR> হাঙ্গেরিয়ান ভাষা
কর্সহলম,সুইডিশ <OR> ফিনিশ
প্রুশিয়া,জার্মান-ভাষা <OR> জার্মান ভাষা
চারডন্নে।,ফরাসি
আলবার্টা,ইংরেজি ভাষা <OR> ইংরেজি
রুোভেসি,ফিনিশ
কুয়োলাজার্ভি,ফিনিশ
মন্ট্রো এক্স,ফরাসি
লুমাকী,ফিনিশ
লাওস,লাও ভাষা <OR> লাও ভাষা <OR> লাওতিয়ান <OR> লাও
হোয়াইট রাশিয়ান,রুশ <OR> বেলারুশিয়ান <OR> বেলারুশিয়ান
ইনকান,কেচুয়া <OR> কেচুয়া
ইফার্নি,আমাজিগ
রুশ এসএসআর,রুশ
কিহনিও।,ফিনিশ
সিউন্টিও,সুইডিশ <OR> ফিনিশ
জর্জিয়া (দেশ),জর্জিয়ান
সিগটুনা পৌরসভা,সুইডিশ
রোভানিয়েমি,ফিনিশ
রাউতালাম্পি,ফিনিশ
আর্জেন্টিনা,স্প্যানিশ ভাষার <OR> স্প্যানিশ <OR> স্প্যানিশ ভাষা <OR> কাস্তেল্লানো <OR> কাস্তিলিয়ান
হাল রেজিমেন্ট (আরসিএসি),ফ্রাঙ্কোফোন
ক্যান,ফরাসি ভাষা <OR> ফরাসি
সেন্ট পিয়ের এবং মিকেলন,ফরাসি
শিব্বো,সুইডিশ
তাভোলারা,ইতালীয়
দাশত-ই আজাদেগান কাউন্টি,ফারসি
আইরিশ,আইরিশ
পিটকেয়ার্ন,ইংরেজি <OR> পিটকর্ণ
পি.টি.,পোর্তুগিজ
ইইউ,ফিনিশ <OR> ফরাসি <OR> ইএস। <OR> জার্মান-ভাষা <OR> চেক <OR> সুইডিশ <OR> মাল্টিজ ভাষা <OR> ইংরেজি ভাষা <OR> মানসিক চাপ <OR> পোর্তুগিজ <OR> এফআর <OR> হেলেনিক <OR> গ্রিক <OR> ড্যানিশ <OR> স্প্যানিশ ভাষার <OR> স্লোভাক <OR> এস্তোনিয়ান <OR> রোমানিয়ান <OR> ইংরেজি <OR> স্প্যানিশ <OR> ক্রোয়েশিয়ান <OR> স্লোভেনিয়ান <OR> মাল্টিজ <OR> স্লোভেনীয় <OR> লাতভিয়ান <OR> লিথুয়ানিয়ান <OR> বুলগেরিয়ান <OR> হাঙ্গেরিয়ান <OR> ডাচ <OR> পোলিশ <OR> ইতালীয় <OR> আইরিশ
গ্রান কনসিলিও,ইতালীয়
সাম্রাজ্যিক চীনা,চীনা
কারসামäki।,ফিনিশ
কুইটো,স্প্যানিশ
স্প্যানিশ উপনিবেশিক যুগ,স্প্যানিশ <OR> স্প্যানিশ ভাষা
চেচনিয়া,রুশ
ওয়ালুন দক্ষিণ,ফরাসি
তুর্কি,অটোমান তুর্কি <OR> অটোমান
গিনি-কোনাক্রি,ফরাসি
ফারো দ্বীপপুঞ্জ,ফ্যারোইজ <OR> ড্যানিশ <OR> ফারোইজ ভাষা <OR> ড্যানিশ ভাষা
ডোনেটস্ক পৌরসভা,ইউক্রেনীয় <OR> রুশ
"সিহফ, সুইজারল্যান্ড।",ফরাসি
প্যালেস্টাইন,হিব্রু <OR> ইংরেজি <OR> আধুনিক হিব্রু <OR> হিব্রু ভাষা <OR> হিব্রু ভাষা
সামোয়া,সামোয়ান
ফ্যারোইজ,ফারোese ভাষা <OR> ড্যানিশ
সেবু সিটি,সেবুয়ানো <OR> ফিলিপিনো
নাইজেরিয়া,ইংরেজি ভাষা <OR> ইংরেজি <OR> অ্যাংলোফোন
বসনিয়া-হার্জেগোভিনা,সার্বিয়ান
সামোয়া,সামোয়ান ভাষা <OR> সামোয়ান <OR> ইংরেজি ভাষা <OR> ইংরেজি <OR> সামোয়ান <OR> সামোয়ান ভাষা
ব্রুগ্গ।,উচ্চ জার্মান
আজাদ-কাশ্মীর,উর্দু
আধুনিক সুইডেন,সুইডিশ
ফরাসি ভাষী বেলজিয়াম,ফরাসি
উদমুর্ত আসআর,রুশ
বলিভিয়া,গুয়ারানি <OR> আইমারা <OR> স্প্যানিশ <OR> কেচুয়া ভাষা <OR> কেচুয়া <OR> কেচুয়া ভাষাসমূহ <OR> গুয়ারানি <OR> স্প্যানিশ ভাষা <OR> হিস্পানিক <OR> কাস্তিলিয়ান
নাউরু,ইংরেজি <OR> নাউরু ভাষা
মাইকোলাইভ অঞ্চল,ইউক্রেনীয়
ফরাসি পলিনেশিয়া,ফরাসি ভাষা <OR> ফরাসি
নিমরুজ,বলোচি <OR> বলোচ
হিরভেনসালমি,ফিনিশ
বেলারুশ,রুশ
গালিসিয়ান,গ্যালিসিয়ান
কাপুরথলা,ਪੰਜਾਬੀ
বেলজিয়ামের ফরাসি সম্প্রদায়,ফ্রাঙ্কোফোন
খাকাসিয়া,রুশ <OR> খাকাস। <OR> খাকাস
নেদারল্যান্ডস,NL <OR> ডাচ <OR> ডাচ ভাষা <OR> ডাচ ভাষা
ইউরোপীয় ইউনিয়ন,আইরিশ ভাষা <OR> গ্রীক ভাষা <OR> ফিনিশ <OR> ফরাসি <OR> চেক <OR> সুইডিশ <OR> ইংরেজি ভাষা <OR> মানসিক চাপ <OR> পোর্তুগিজ <OR> গ্রীক <OR> ড্যানিশ <OR> স্প্যানিশ ভাষার <OR> ক্রোয়েশিয়ান ভাষা <OR> স্লোভাক <OR> এস্তোনিয়ান <OR> রোমানিয়ান <OR> স্প্যানিশ <OR> ইংরেজি <OR> ক্রোয়েশিয়ান <OR> স্লোভেনিয়ান <OR> মাল্টিজ <OR> স্লোভেনীয় <OR> লাতভিয়ান <OR> অ্যাংলোফোন <OR> লিথুয়ানিয়ান <OR> বুলগেরিয়ান <OR> পোর্তুগিজ ভাষা <OR> হাঙ্গেরিয়ান <OR> ডাচ <OR> পোলিশ <OR> ডি। <OR> মানক ইতালীয় <OR> ইতালীয় <OR> আইরিশ
শ্রীলঙ্কান,සිංහල භාෂාව <OR> සිංහල <OR> தமிழ்
অটোমান,অটোমান তুর্কি <OR> অটোমান তুর্কি ভাষা
সোভিয়েত ইউক্রেন,রুশ ভাষা <OR> ইউক্রেনীয় <OR> রুশ
কঙ্গোলিজ,ফরাসি ভাষা <OR> ফরাসি <OR> ফ্রাঙ্কোফোন
কির্কস্ল্যাট,সুইডিশ
জর্জিয়ান অর্থোডক্স,জর্জিয়ান
আমরাবতী জেলা,মারাঠি
অরিমাত্তিলা,ফিনিশ
সেন্ট লুসিয়া,ইংরেজি
বেনিন,ফরাসি
ব্রিসাগো,ইতালীয়
টারভোলা,ফিনিশ
কেবেক শহর,ফরাসি
নিকারাগুয়া,স্প্যানিশ <OR> স্প্যানিশ ভাষার <OR> হিস্পানিক <OR> স্প্যানিশ ভাষা
মার্কিন যুক্তরাষ্ট্র,ইংরেজি
স্প্যানিশ উপনিবেশবাদ,স্প্যানিশ
লিক্সেল কমিউনিটি,সুইডিশ
বলামা।,পোর্তুগিজ
ম্যান্ডেট যুগ,হিব্রু
ডোমিনিকা,ইংরেজি
ভিরোলাহতি,ফিনিশ
সুইডেন,সামি <OR> সুইডিশ-ভাষা <OR> ফিনিশ <OR> উত্তর সামি <OR> সামি ভাষা <OR> আধুনিক সুইডিশ <OR> সামি <OR> সামী <OR> রোমানী <OR> ফিনিশ ভাষা <OR> সুইডিশ <OR> সামি ভাষাসমূহ <OR> সামি ভাষাসমূহ <OR> রোমানি <OR> সুইডিশ ভাষা <OR> পুরাতন সুইডিশ <OR> সুইডিশ ভাষাভাষী <OR> ফিনিশ-ভাষা <OR> ফিনিশ উপভাষাসমূহ <OR> স্ব. <OR> রোমানী ভাষা
গালিজা,স্প্যানিশ <OR> গ্যালিসিয়ান <OR> গ্যালিসিয়ান ভাষা
আনার,স্কল্ট সামি <OR> ইনারি <OR> ইনারি সামি <OR> উত্তর সামি
কালাজোki,ফিনিশ
ডাচ স্ট্যান্ডার্ড ভাষা,ডাচ ভাষা
চি.,ডিই। <OR> জার্মান <OR> ইতালীয় <OR> ফরাসি <OR> এফআর <OR> জার্মান-ভাষা
লিগর্নেট্টো,ইতালীয়
হরিয়ানা,হিন্দি <OR> হিন্দি ভাষা <OR> হিন্দি ভাষা <OR> মানক হিন্দি
আরাসের প্রজাতন্ত্র,আজারবাইজানী
রোমান সাম্রাজ্যকাল,গ্রীক
জোকিওইনেন।,ফিনিশ
সেনেগাল,ফরাসি ভাষা <OR> ফরাসি ভাষা <OR> ফরাসি <OR> ফ্রাঙ্কোফোন
ইউইএ,এস্পেরান্তো
কেরিমাকি,ফিনিশ
এডিআর,আজারবাইজানি
হুডিংগে,সুইডিশ
কোপিং পৌরসভা,সুইডিশ
সেন্ট বার্থেলেমি,ফরাসি
কারিজোকি,ফিনিশ
গ্রোম্যাটিসি,লাতিন
সাল্লা।,ফিনিশ
পাল্টামো,ফিনিশ
হংকং এর মানুষ,ইংরেজি
সিএনএমআই,চামোরো
পিএইচআই,ইংরেজি <OR> ফিলিপিনো
টিমর লেস্টে,টেটুম <OR> টেটুন <OR> পোর্তুগিজ
টাভানেস,ফরাসি
পুরাতন রাজ্য,প্রাচীন মিশরীয় <OR> মিশরীয় ভাষা
হাইতি,ফরাসি
রুশ সোভিয়েত ফেডারেটিভ সমাজতান্ত্রিক প্রজাতন্ত্র,রুশ
সান মারিনো,ইতালীয় ভাষা <OR> ইতালীয় <OR> ইতালীয় ভাষা
বাংলাদেশ,মানক বাংলা <OR> বাংলা ভাষা <OR> বাংলা সিনেমা <OR> ଓଡ଼ିଆ <OR> বাংলা <OR> বাংলা ভাষা <OR> বাংলা
লার্সমো,সুইডিশ
পোরেন্ট্রুই,ফরাসি
আপসালা পৌরসভা,সুইডিশ
স্লোভাক প্রজাতন্ত্র,স্লোভাক ভাষা <OR> স্লোভাক
ফারো দ্বীপপুঞ্জ,ড্যানিশ
সোভিয়েত ইউনিয়ন,রুশ ভাষার <OR> রুশীকৃত <OR> মহান রুশ <OR> রুশ <OR> মানক রুশ <OR> রুশ ভাষা
কম্বোডিয়া,খমের <OR> খমের ভাষা
সিন্ট ইউস্টাটিয়াস,ইংরেজি <OR> ডাচ
ফিনল্যান্ডের মানুষ,সুইডিশ <OR> ফিনিশ
আহতারি,ফিনিশ
রুজমন্ট,ফরাসি
সম্রাট রাশিয়ান আদালত,সুইডিশ
ট্রেন্টিনো,ইতালীয়
কোকেমাকি,ফিনিশ
ট্রান্সনিস্ট্রিয়া,রুশ ভাষা <OR> ইউক্রেনীয় <OR> মলদোভা <OR> মলদোভিয়ান <OR> মলদোভান ভাষা <OR> রুশ <OR> মলদোভান
নিওন।,ফরাসি
লাম্পাং প্রদেশ,ইন্দোনেশিয়ান
তাতারস্তান,রুশ
পোমো।,পোমোয়ান ভাষা
চেল্যাবিনস্ক-৭০,রুশ
পশ্চিম কোর্ক,আইরিশ
দেওতা,ইন্দোনেশীয় <OR> বালিনিজ
রিউকিউ রাজ্য,ক্লাসিকাল চীনা
এইচ ইউ,হাঙ্গেরিয়ান
নাজি,জার্মান ভাষা <OR> জার্মান ভাষা
এউজকাদি,স্প্যানিশ <OR> বাস্ক
ইউআরএস,রুশ
মার্শাল দ্বীপপুঞ্জ,ইংরেজি ভাষা <OR> ইংরেজি <OR> মার্শালিজ ভাষা <OR> মার্শালিজ
কাস্তিল এবং লিওন,স্প্যানিশ <OR> কাস্তিলিয়ান ভাষা
টারভাসজোকি,ফিনিশ
বাস্কোর্তোস্তান,বাস্কোর্ত <OR> বাশকির ভাষা <OR> রুশ <OR> বাশকির
ইইউ,আইরিশ
উত্তর প্রদেশ,হিন্দি
ইনগুশ,রুশ
চেচেন,রুশ
হাঙ্গেরিয়ানরা,হাঙ্গেরিয়ান
কেমিজার্ভি,ফিনিশ
জর্জিয়া,জর্জিয়ান
পশ্চিম আফ্রিকার রাষ্ট্রগুলোর অর্থনৈতিক সম্প্রদায়,ইংরেজি <OR> পোর্তুগিজ
সেন্ট-পিয়ের,ফরাসি ভাষা <OR> ফরাসি
টিয়ার্প।,সুইডিশ
সেনেগাল,ফরাসি <OR> ফ্রাঙ্কোফোন
সেন্ট-অ্যান্টয়ন-ডি-পাদৌর সহগির্জা,ফরাসি
বিয়েল/বিয়েন ট্রলিবাস সিস্টেম,ফরাসি
পূর্ব রোমান সম্রাট,লাতিন
খোরাসানি,ফারসি
হন্ডুরাস,স্প্যানিশ <OR> স্প্যানিশ ভাষা
রেক্কুলা,ফিনিশ
গ্রাফেনোর্ট,গার..
ট্রান্সকেই,জোশা <OR> জোশা ভাষায় কথা বলা।
ব্যক্তিগত সংঘ union,সুইডিশ <OR> নরওয়েজিয়ান
খান্তি-মানসি স্বায়ত্তশাসিত ওক্রুগ,খান্তি <OR> খান্তি ভাষা <OR> মানসি ভাষা <OR> রুশ <OR> মানসী
একাধিক,জার্মান ভাষা
ডাচ ওয়েস্ট ইন্ডিজ,ইংরেজি <OR> ডাচ
ওয়েলশ,ইংরেজি
মার্কিন যুক্তরাষ্ট্র,ইংরেজি ভাষা <OR> ইংরেজি <OR> অ্যাংলোফোন
ত্রিশূর,മലയാളം <OR> মালায়ালম ভাষা
উজবেক ভাষা,উজবেকিস্তান <OR> আফগানিস্তান
বাইজেন্টাইন,মধ্যযুগীয় গ্রীক <OR> মধ্যযুগীয় গ্রীক <OR> লাতিন <OR> বাইজেন্টাইন গ্রীক
ডোমিনিকান,স্প্যানিশ <OR> স্প্যানিশ ভাষা <OR> স্প্যানিশ ভাষা
তুর্কমেনিস্তান,রুশ
আমেরিকান উপনিবেশগুলি,স্প্যানিশ
হেইনোলা,ফিনিশ
ব্রাসেলস রাজধানী-অঞ্চল,ডাচ <OR> ফরাসি
ডাচ ক্যারিবিয়ান,ইংরেজি <OR> ডাচ <OR> ডাচ ভাষা
কাজাখস্তান,কাজাখ <OR> কাজাখ ভাষা
লুহানস্ক অঞ্চল,ইউক্রেনীয় <OR> রুশ
ডানিউব বুলগেরিয়া,স্লাভনিক
আবখাজিয়া,আবখাজিয়ান <OR> রুশ ভাষা <OR> রুশ ভাষা <OR> আবখাজ ভাষা <OR> আবখাজি <OR> রুশ
ফরাসি বেলজিয়ান,ফরাসি
ভালকিয়াকোস্কি,ফিনিশ
যামাল-নেনেটস স্বায়ত্তশাসিত জেলা,রুশ
জারবাদী,রুশ
চুভাশ,চুভাশ প্রজাতন্ত্র <OR> রুশ
ট্রান্সভাল,ডাচ
এজি,জার্মান-ভাষা
সাভোই,ফরাসি
বেলজিয়ান লিম্বুর্গ,ডাচ
রুশ সাম্রাজ্য,সুইডিশ <OR> পোলিশ <OR> রুশ ভাষা <OR> ফিনিশ <OR> রুশ ভাষা <OR> পোলিশ ভাষা <OR> রুশীকৃত <OR> পুরনো রুশ <OR> রুশ
সানমারিনিজ,ইতালীয়
বিশ্ব স্বাস্থ্য সংস্থা (WHO),ফরাসি
কাশ্মীর,উর্দু <OR> ইংরেজি <OR> কাশ্মীরি
নর্থ ক্যারোলিনা,ইংরেজি
কসোভো ও মেতোহিজা,সার্বিয়ান
কোসোভো,আলবেনিয়ান <OR> সার্বিয়ান <OR> সার্বিয়ান সিরিলিক
কিরগিজ,রুশ
পলিনেশিয়া ফ্রান্সিস,ফরাসি
ভোরোশিলভগ্রাদ অঞ্চল,ইউক্রেনীয়
মুরসিয়ার অঞ্চল সভাপতি,স্প্যানিশ
যামাল-নেনেটস অঞ্চল,রুশ
বাসেল,জার্মান-ভাষা <OR> জার্মানিক
ইউক্রেনীয় এসএসআর,রুশ ভাষা <OR> ইউক্রেনীয় <OR> ইউক্রেনীয় ভাষা <OR> রুশ <OR> রুশ ভাষা
জেমসা,ফিনিশ
নেদারল্যান্ড অ্যান্টিলিস,ডাচ
বেলারুশিয়ান এসএসআর,রুশ <OR> বেলারুশিয়ান <OR> বেলারুশিয়ান ভাষা
ব্লোনে,ফরাসি
কই নেশন,দক্ষিণ-পূর্ব পোমো
অ্যাটলান্টিক অ্যালায়েন্স,ফরাসি
বোলশেভিক রাশিয়া,রুশ
স্প্যানিশ-বোর্বন,স্প্যানিশ
টোলিয়াতি,রুশ
যুগ্রা,রুশ
কাসিসাবা,এস্তোনিয়ান
হরি নগর,হিন্দি
আবাজা ভাষা,কারাচায়–চেরকেস প্রজাতন্ত্র
রাজস্থানি,হিন্দি
জর্জিয়ান অ্যাপোস্টলিক অটোসেফালাস অর্থডক্স চার্চ,জর্জিয়ান
সেবোর্গার প্রিন্সিপ্যালিটি,ফরাসি
ফ্রাঙ্কোফোন,ফরাসি
মাইকোলাইভ,ইউক্রেনীয় <OR> রুশ
স্লোভাকিয়া,স্লোভাক ভাষা <OR> স্লোভাক ভাষা <OR> স্লোভাকিয়ান <OR> স্লোভাক
বেলারুশিয়ান,রুশ <OR> বেলারুশিয়ান <OR> বেলারুশিয়ান <OR> বেলারুশিয়ান ভাষা
আজারবাইজান,আজারবাইজানী <OR> আজারবাইজানি ভাষা <OR> আজারবাইজানী ভাষা <OR> আজারবাইজান তুর্কি <OR> আজারবাইজানী <OR> আজারবাইজানী ভাষা <OR> আজেরি <OR> রুশ
হাবো পৌরসভা,সুইডিশ
মলদোভান,রোমানিয়ান
সোমেরো,ফিনিশ
জুভা,ফিনিশ-ভাষা <OR> ফিনিশ
ন্যাটো,ফরাসি
ইকালিনেন।,ফিনিশ
একাডেমিও ডি এস্পেরান্তো,এস্পেরান্তো
এনটেন্ট কাউন্সিল,ফরাসি
কোত দিভোয়ার (হাড়ের উপকূল),ফরাসি
সেন্ট-ক্রোয়া,ফরাসি
"হংকং, চীন।",ইংরেজি
সোমালিয়া,সোমালি <OR> সোমালি ভাষা <OR> সোমালি ভাষা
লাম্পUNG,ইন্দোনেশীয় <OR> লাম্পUNG ভাষা <OR> ইন্দোনেশিয়া
কর্ণেল,স্প্যানিশ
আর ক্রিমিয়া,ইউক্রেনীয় <OR> ক্রিমিয়ান তাতার <OR> রুশ
এভিসা,স্প্যানিশ <OR> কাতালান
পোলিশ মুকুট,পোলিশ
সোভিয়েতস,রুশ
ইউক্রেনীয় সোভিয়েত সমাজতান্ত্রিক প্রজাতন্ত্র,ইউক্রেনীয় <OR> রুশ
মালাউই,চেওয়া <OR> ইংরেজি ভাষা <OR> ইংরেজি <OR> ন্যানজা <OR> চিচেওয়া <OR> চিচেওয়া <OR> চেওয়া ভাষা <OR> চিন্যাঞ্জা <OR> অ্যাংলোফোন
ইউরোপীয় একীকরণ,ফরাসি <OR> পোর্তুগিজ
ঘানা,ইংরেজি
छत्तीसगढ़,হিন্দি <OR> छत्तीसगढ़ी <OR> মানক হিন্দি
গাম্বিয়ান,ইংরেজি
লা ম্যান্ড্রাগোরা।,স্প্যানিশ
হুডিংগে পৌরসভা,সুইডিশ
"আগারাক, সিউনিক।",আর্মেনিয়ান
গোথেনবার্গ পৌরসভা,সুইডিশ
মালদ্বীপবাসী,ধিভেহি
লাক্সেমবার্গ,লাক্সেমবার্গিশ <OR> ফরাসি <OR> লুক্সেমবার্গ <OR> লুক্সেমবার্গিশ <OR> লাক্সেমবার্গীয়
საქართველო,ქართული
মালাগাসি,ফরাসি
উত্তর আটলান্টিক চুক্তি সংস্থা (ন্যাটো),ফরাসি
হরিয়ানা,মানক হিন্দি
এসসিও,ENG <OR> রুশ <OR> চীনা
রুশ সমাজতান্ত্রিক ফেডারেটিভ সোভিয়েত প্রজাতন্ত্র,রুশ
রান্তাসালমি,ফিনিশ
আন্তর্জাতিক বিজ্ঞান একাডেমি সান মারিনো,ইংরেজি <OR> এস্পেরান্তো
ইতালীয়,মানক ইতালীয়
বিহিত,ফিনিশ
কাভি,ফিনিশ
লেমল্যান্ড,সুইডিশ
বারমুডা,ইংরেজি
উদমুর্ত প্রজাতন্ত্র,উদমুর্ত <OR> রুশ
আফগান,দারি ভাষা <OR> দারি পার্সিয়ান <OR> দারি
বালি,ইন্দোনেশীয় <OR> ইন্দোনেশিয়ান ভাষা <OR> বালিনিজ ভাষা <OR> বালিনিজি <OR> ইন্দোনেশিয়া
রুশ সাম্রাজ্য,পোলিশ <OR> রুশ <OR> ফিনিশ
জিজাক্স,উজবেক
এস্তোনিয়ান,এস্তোনিয়ান ভাষা
মার্টটিলা,ফিনিশ ভাষা <OR> ফিনিশ
আইরিশ ফ্রি স্টেট,আইরিশ
ভেটেলি,ফিনিশ
মধ্য আফ্রিকান,ফরাসি
অইসিডি,ইংরেজি <OR> ফরাসি
নিউই,ইংরেজি ভাষা <OR> ইংরেজি <OR> নিউই <OR> নিউইয়ান ভাষা <OR> নিউইয়ান
গায়ানা,ইংরেজি ভাষা <OR> ইংরেজি <OR> ফরাসি <OR> অ্যাংলোফোন <OR> অ্যাংলোফোন
সান্ত'অ্যান্টোনিও,ইতালীয়
কাশুবিয়ান,পোলিশ
রুশ সমাজতান্ত্রিক ফেডারেল সোভিয়েত প্রজাতন্ত্র,রুশ
বুরকিনা ফাসো,ফরাসি
দাগেস্তান,লেজগিয়ান <OR> রুশ <OR> লেজগিন
দাগেস্তানীয়,রুশ
ব্রাসেলস,ফরাসি ভাষা <OR> ডাচ <OR> আধুনিক ডাচ <OR> ডাচ ভাষা <OR> ফরাসি <OR> এফআর <OR> ফরাসি ভাষা <OR> ফ্রাঙ্কোফোন <OR> ডাচ ভাষা <OR> ফ্রাঙ্কোফোন
আরাউ,জার্মান ভাষা
গাগাউজিয়া,রুশ ভাষা <OR> রুশ
অস্টুরিয়ানরা,স্প্যানিশ
কমচাটকা,রুশ
গ্যালিসিয়ান সোভিয়েত সমাজতান্ত্রিক প্রজাতন্ত্র,পোলিশ <OR> ইউক্রেনীয়
অ্যান্টিগুয়ান,ইংরেজি
কাতালান,স্প্যানিশ
যুক্তরাষ্ট্রের ভার্জিন দ্বীপপুঞ্জ,ইংরেজি ভাষা
হারজাভাল্তা,ফিনিশ
কঙ্গো-ব্রাজাভিল্লে,ফরাসি
এল সালভাদর,স্প্যানিশ ভাষা <OR> স্প্যানিশ <OR> স্প্যানিশ ভাষা <OR> স্প্যানিশ ভাষা <OR> হিস্পানিক <OR> কাস্তিলিয়ান
সহযোগী ফরাসি,ফরাসি
কারজালোহজা,ফিনিশ
অস্টুরিয়ান,স্প্যানিশ <OR> লিওনেস
কিং,কিংওয়েন <OR> চীনা ভাষা <OR> সরলীকৃত চীনা <OR> চীনা <OR> মানচু <OR> তিব্বতী <OR> মঙ্গোলিয়ান ভাষা <OR> ম্যান্ডারিন <OR> মানচু ভাষা <OR> মঙ্গোলিয়ান
রেইসজারভি,ফিনিশ
ওয়ালুন,ফরাসি ভাষা <OR> ফরাসি <OR> ফ্রাঙ্কোফোন
সেন্ট ভিনসেন্ট,স্প্যানিশ <OR> ইংরেজি
"টাম্মেলা, ফিনল্যান্ড।",ফিনিশ
সিভি।,ফিনিশ
মুস্তাসারি,ফিনিশ
জিব্রাল্টার,ইংরেজি ভাষা <OR> ইংরেজি
ম্যাসেডোনিয়ান,ম্যাসেডোনিয়ান ভাষা <OR> ম্যাসেডোনিয়ান স্লাভিক <OR> মানক ম্যাসেডোনিয়ান <OR> ম্যাসেডোনিয়ান সিরিলিক <OR> ম্যাসেডোনিয়ান ভাষা <OR> ম্যাসেডোনিয়ান কবিতা।
ওটো-মিসৌরিয়া,চিওয়ারে
তোগো প্রজাতন্ত্র,ফরাসি
বালাজশের,ইউক্রেনীয়
কেমিনমা,ফিনিশ
সার্বীয় অর্থোডক্স খ্রিস্টানরা,সার্বিয়ান
বাদাখশান প্রদেশ,পামির ভাষা <OR> দারি।
শভিজ ক্যান্টন,মানক জার্মান
ভেনেটো,ইতালীয়
ওয়ালন,ফরাসি
বেঙ্গালুরু,ಕನ್ನಡ
আজারবাইজান গণতান্ত্রিক প্রজাতন্ত্র,আজারবাইজানী <OR> আজেরি <OR> আজারবাইজানী ভাষা
রাহে,ফিনিশ
আর্থসাখ,আর্মেনিয়ান
নাভার্রা,স্প্যানিশ <OR> বাস্ক <OR> বাস্ক উপনাম <OR> স্প্যানিশ ভাষা <OR> বাস্ক ভাষা
ডাচ,ডাচ ভাষা
ভ্যান ডুজ,ফরাসি
কাবারদিনো-বালকারিয়া,কারাচায়-বালকার <OR> কাবার্দিয়ান <OR> রুশ
পোলিশ,পোলিশ ভাষা <OR> পোল <OR> পোলিশ-ভাষা
সুই,চীনা
টিরোলিয়ান,জার্মান-ভাষা <OR> ইতালীয়
মোর্ডভিনিয়া,এর্জ্যা <OR> রুশ <OR> মোক্ষ
অ্যান্টার্কটিক,ইংরেজি
স্লোভেনিয়ান,ইউরোপীয় ইউনিয়ন <OR> স্লোভেনিয়া <OR> ইইউ <OR> স্লোভেনীয় <OR> স্লোভেনীয় ভাষা <OR> স্লোভেনিয়া
কৌভোলা,ফিনিশ
উজবেক,উজবেকিস্তান <OR> আফগানিস্তান
উত্তর-পশ্চিম অঞ্চল,ইংরেজি
উত্তর আটলান্টিক চুক্তি সংস্থা,ফরাসি
বারমুডা,ইংরেজি
ইসোকিরো,ফিনিশ
কিং সম্রাট,চীনা
ডেনমার্ক,ড্যানিশ <OR> ড্যানিশ ভাষা
মালå পৌরসভা,সুইডিশ
দক্ষিণ স্যান্ডউইচ দ্বীপপুঞ্জ,ইংরেজি ভাষা <OR> ইংরেজি
স্টাভ্রোপোল,রুশ
লাওতিয়ান,লাও
তাজিকিস্তান,তাজিক
হেলেনিক,সাইপ্রাস <OR> গ্রীস <OR> ইইউ <OR> ইতালি <OR> গ্রীক দ্বীপগুলি
ইউরোপীয় সম্প্রদায়সমূহ।,গ্রীক
জেন প্রদেশ (স্পেন),স্প্যানিশ
কুরাসাও,ডাচ <OR> পাপিয়ামেন্টো <OR> পাপিয়ামেন্টু
ডেনিশ,ড্যানিশ
তুর্কস,অটোমান তুর্কি
চেন্নাই,তামিল চলচ্চিত্র <OR> தமிழ் மொழி <OR> தமிழ் மொழி <OR> தமிழ் <OR> শাস্ত্রীয় তামিল <OR> தமிழ் மொழி
আইল ডি ফ্রান্স,ফরাসি
নাজি-অধিকারিত ফ্রান্স,ফরাসি
আইরিশ,আইরিশ
অ্যান্ডোরা,ভ্যালেন্সিয়ান <OR> কাতালান <OR> কাতালান ভাষা <OR> কাতালান ভাষা
উজবেকিস্তান,উজবেক <OR> উজবেক ভাষা
পুহান্তা,ফিনিশ
কোত দিভোয়ার,ফরাসি
এলটি,লিথুয়ানিয়ান
স্কটল্যান্ড,ইংরেজি ভাষা <OR> ইংরেজি <OR> অ্যাংলোফোন
আপ।,উর্দু <OR> হিন্দি <OR> উর্দু <OR> উর্দু ভাষা
ক্রাজিনা,সার্বিয়ান <OR> সার্বিয়ান সিরিলিক
সাইপ্রিয়ট,তুর্কি
কাউহাজোকি,ফিনিশ
বার্বাডোস,ইংরেজি ভাষা <OR> ইংরেজি
ব্রাজিলিয়ান টিম,পোর্তুগিজ
কিরুনা পৌরসভা,সুইডিশ <OR> সামী <OR> সামি <OR> ফিনিশ
বসনিয়া,বসনিয়ান <OR> ক্রোয়েশিয়ান ভাষা <OR> সার্ব। <OR> সার্বিয়ান ল্যাটিন <OR> বসনিয়ান ভাষা <OR> সার্বিয়ান সিরিলিক <OR> সার্বিয়ান ভাষা <OR> বোসনিয়াক <OR> ক্রোয়েশিয়ান <OR> সার্বিয়ান <OR> সার্বিয়ান উপনাম <OR> ক্রোয়াট
নেদারল্যান্ডস টালইউনি,ডাচ <OR> ডাচ ভাষা
বিয়েন্নে।,ফরাসি
"হাঙ্কো, ফিনল্যান্ড।",সুইডিশ <OR> ফিনিশ
উত্তর আয়ারল্যান্ডের,ইংরেজি
ইতালীয় আমেরিকান,ইংরেজি
ভিতরে,আধুনিক ইংরেজি <OR> হিন্দি <OR> ইংরেজি
জাম্বি প্রদেশ,ইন্দোনেশিয়া
মেনোরকা,স্প্যানিশ <OR> কাতালান
মালাবো,স্প্যানিশ
বিএসএসআর,রুশ <OR> বেলারুশিয়ান <OR> বেলারুশিয়ান ভাষা
সেন্ট ইউস্টেশিয়াস,ইংরেজি
ক্রাসনোদার,রুশ
তাজিক,তাজিকি
মাশাদ,ফারসি
ব্রিটিশ ম্যান্ডেট,হিব্রু ভাষা <OR> হিব্রু <OR> হিব্রু ভাষা <OR> ইংরেজি
ভেসিলাহটি,ফিনিশ
মার্কোসুল,পোর্তুগিজ
গিনি প্রজাতন্ত্র,ফরাসি
আরডিসি,ফরাসি
স্নেজিনস্ক,রুশ
আরএফ,রুশ
কুরিকা,ফিনিশ
ইউকন,ইংরেজি ভাষা <OR> ইংরেজি
নূরিস্তান,নুরিস্তানি
পুরাতন রাজ্য কাল,প্রাচীন মিশরীয়
রয়্যাল ২২তম রেজিমেন্ট,ফরাসি <OR> ফ্রাঙ্কোফোন
ম্যালোর্কা,স্প্যানিশ <OR> কাতালান
মোয়েন কঙ্গো,ফরাসি
আরবিএ।,ইংরেজি
ডোনেটস্ক পিপলস রিপাবলিক,রুশ
পোর্তুগাল,আধুনিক পর্তুগিজ <OR> ইউরোপীয় পর্তুগিজ <OR> পোর্তুগিজ <OR> পোর্তুগিজ ভাষা <OR> মানসিক চাপ <OR> পোর্তুগিজ <OR> আধুনিক পর্তুগিজ <OR> ব্রাজিলিয়ান পর্তুগিজ <OR> মিরান্ডিজ ভাষা <OR> মিরান্ডিজ <OR> পোর্তুগিজ ভাষা
দক্ষিণ আফ্রিকান প্রজাতন্ত্র,ডাচ <OR> ডাচ ভাষা
লাডোনিয়া,সুইডিশ
উত্তর নেদারল্যান্ডস,ডাচ
জোমালা,সুইডিশ
সিসিলি,গ্রিক <OR> সিসিলিয়ান <OR> লাতিন
ফ্ল্যান্ডার্স,ফ্লেমিশ ডাচ <OR> ডাচ <OR> ডাচ ভাষা <OR> ডাচ ভাষা
প্রথম পারস্য সাম্রাজ্য,এলামite <OR> পুরাতন পার্সিয়ান
তুসুলা,ফিনিশ
নোভা রোমা,লাতিন ভাষা
অন্ত.,ইংরেজি
বুগান্ডা অঞ্চল,লুগান্ডা
ফিনিশ,সুইডিশ <OR> ফিনিশ ভাষা <OR> সুইডিশ ভাষাভাষী
বায়াস্কা,ইতালীয়
প্যারাগুয়েন সাহিত্য,স্প্যানিশ <OR> গুয়ারানি <OR> গুয়ারানি
নুরিস্তান,নুরিস্তানি
অস্টুরিয়াস,অস্টুরিয়ান <OR> স্প্যানিশ ভাষা <OR> অস্টুরিয়ান ভাষা <OR> স্প্যানিশ <OR> অস্টুরিয়ান ভাষা <OR> অস্টুরিয়ান ভাষা <OR> লাতিন <OR> বাবল <OR> অস্টুরিয়ান ভাষা <OR> স্প্যানিশ ভাষা <OR> বেবল
উত্তর ভিয়েতনাম,ভিয়েতনামী
খাবারভস্ক,রুশ
কৌটো মিস্তো,স্প্যানিশ <OR> গ্যালিসিয়ান <OR> পোর্তুগিজ
হেলসিঙ্কি/হেলসিংফর্স,ফিনিশ
হানিঙ্গে পৌরসভা,সুইডিশ
জামিজার্ভি,ফিনিশ
লাপিনলাহতি,ফিনিশ ভাষা <OR> ফিনিশ
এনইডি,ডাচ
ভারত শাসিত কাশ্মীর,উর্দু
বাস্কিরিয়া,রুশ
তালিলিত,আমাজিগ
কিটিশিয়ান,ইংরেজি
জুরা,ফরাসি ভাষা <OR> ফরাসি ভাষা <OR> ফরাসি
সুরাহাম্মার পৌরসভা,সুইডিশ
ওয়ালোনিয়া অঞ্চল,ফরাসি
বেলারুশ,পোলিশ ভাষা <OR> রুশ <OR> বেলারুশিয়ান
টার্ভো,ফিনিশ
অধিকৃত ফিলিস্তিনি অঞ্চলসমূহ,হিব্রু
পিআরসি,আধুনিক মানক চীনা
জেরুজালেম,গ্রীক <OR> ইতালীয় <OR> লাতিন <OR> পুরাতন ফরাসি
কেমি,ফিনিশ
ফিজি,ফিজিয়ান <OR> ইংরেজি ভাষা <OR> ইংরেজি <OR> হিন্দুস্তানি <OR> হিন্দি <OR> মানক ফিজিয়ান <OR> ফিজি হিন্দি <OR> ফিজিয়ান ভাষা <OR> অ্যাংলোফোন
কিং রাজবংশ,মঙ্গোল <OR> কিংওয়েন <OR> চীনা ভাষা <OR> চীনা <OR> মানচু <OR> সরলীকৃত চীনা <OR> ক্যান্টোনিজ <OR> তিব্বতী <OR> মঙ্গোলিয়ান ভাষা <OR> ম্যান্ডারিন <OR> মানচু ভাষা <OR> মঙ্গোলিয়ান
সুদান,ইংরেজি ভাষা <OR> ইংরেজি
বেনেলাক্স,NL <OR> ডাচ <OR> ফরাসি <OR> ফ্রাঙ্কোফোন
চুকোটকা স্বায়ত্তশাসিত জেলা,রুশ
ব্রাজিল,পোর্তুগিজ <OR> ইউরোপীয় পর্তুগিজ <OR> পোর্তুগিজ ভাষা <OR> মানসিক চাপ <OR> পোর্তুগিজ <OR> ব্রাজিলিয়ান পর্তুগিজ <OR> পোর্তুগিজ ভাষা
কার্লেবি,সুইডিশ <OR> ফিনিশ
ইসরায়েল,হিব্রু <OR> হিব্রু ভাষা <OR> আধুনিক হিব্রু <OR> হেব্রু <OR> আধুনিক হিব্রু <OR> হিব্রু ভাষা <OR> হিব্রু <OR> হিব্রু ভাষা
চুভাশিয়া,রুশ
ইকুয়েটোরিয়াল গিনি,স্প্যানিশ
ভান্তা,সুইডিশ <OR> ফিনিশ
বলিভিয়ার সবুজ পার্টি,স্প্যানিশ
পেডারসোরে,সুইডিশ <OR> ফিনিশ
হ্যাঙ্গো।,সুইডিশ <OR> ফিনিশ
ইভেরডন,ফরাসি
লিয়েস্টাল।,জার্মান-ভাষা
ইবারস্কি কোলোশিন,সার্বিয়ান <OR> সার্বিয়ান সিরিলিক
লুবলিয়ানা প্রদেশ,স্লোভেনীয় <OR> ইতালীয়
আমেরিকান সামোয়া,ইংরেজি ভাষা <OR> ইংরেজি <OR> সামোয়ান
সেন্ট ভিনসেন্ট,স্প্যানিশ
গ্যালিভারে পৌরসভা,সুইডিশ <OR> সামি <OR> ফিনিশ
জিন রাজবংশ,প্রথাগত চীনা <OR> সরলীকৃত চীনা <OR> চীনা
ভারত,মানক হিন্দি <OR> মানক হিন্দি <OR> হিন্দি <OR> অ্যাঙ্গ্লিকাইজড <OR> অ্যাঙ্গলো <OR> ইংরেজি ভাষা <OR> ইংরেজি <OR> হিন্দি <OR> হিন্দি ভাষা <OR> আধুনিক ইংরেজি <OR> হিন্দি ভাষা <OR> অ্যাংলোফোন
গণতান্ত্রিক যুগ,তুর্কি
আয়ারল্যান্ড,আইরিশ ভাষা <OR> ইংরেজি ভাষা <OR> ইংরেজি <OR> পুরাতন আইরিশ <OR> গেলিক <OR> গaeilge <OR> এর্সে। <OR> গেলিক ভাষা <OR> আইরিশ গেইলিক <OR> প্রারম্ভিক আধুনিক আইরিশ <OR> আইরিশ ভাষা <OR> অ্যাংলোফোন <OR> আইরিশ <OR> আইরিশ (গaeilge) <OR> আধুনিক আইরিশ <OR> আইরিশ ভাষা
নেব্রাস্কা,ইংরেজি
লাস টর্তুগাস,ইংরেজি
পূর্ব তিমোর,টেটাম <OR> টেটুম ভাষা <OR> পোর্তুগিজ ভাষা <OR> পোর্তুগিজ <OR> টেটুম ভাষা <OR> পোর্তুগিজ ভাষা <OR> টেটুন দিলি <OR> টেটুন
রোমান সেনাবাহিনী,গ্রিক
জোৎসা,ফিনিশ
সার্বীয় অর্থডক্সি,সার্ব। <OR> সার্বিয়ান
ফিলিস্তিনিরা,হিব্রু
ক্যাবো ভার্দে,সাও ভিসেন্টে <OR> সান্তো আন্তাও <OR> কেপভার্দিয়ান ক্রিওলো <OR> পোর্তুগিজ
তাওয়ান্তিনসুয়ু,কেচুয়া
ইকুয়েডর,ফরাসি
স্পেন,লাতিন আমেরিকান স্প্যানিশ <OR> গ্যালিসিয়ান <OR> বাস্ক ভাষা <OR> বাস্ক <OR> ইএস। <OR> হিস্পানো <OR> কাতালান ভাষা <OR> ইউরোপীয় স্প্যানিশ <OR> কাতালান <OR> হিস্পানো <OR> কাতালান <OR> কাতালান ভাষা <OR> বাস্ক <OR> বাস্ক উপনাম <OR> অক্সিটান <OR> কাতালান ভাষা <OR> কাস্তেল্লানো <OR> কাস্তিলিয়ান <OR> স্প্যানিশ ভাষা <OR> স্প্যানিশ <OR> পুরাতন ক্যাটালান <OR> ভ্যালেন্সিয়ান <OR> স্প্যানিশ ভাষা <OR> স্প্যানিশ ভাষা <OR> কাস্তিলিয়ান ভাষাভাষী <OR> আধুনিক স্প্যানিশ <OR> এউস্কেরা <OR> গ্যালিসিয়ান ভাষা <OR> কাস্তিলিয়ান <OR> কাতালান/ভ্যালেন্সিয়ান <OR> এউস্কারা <OR> কাতালান ভাষাতত্ত্ব <OR> প্রোভেন্সাল <OR> কাতালান ভাষা <OR> বাস্ক ভাষা <OR> অক্সিটান ভাষা <OR> কাস্তিলিয়ান স্প্যানিশ <OR> কাতালান <OR> হিস্পানিক
দক্ষিণ আফ্রিকা,টসওয়ানা <OR> সোথো <OR> ইসিজুলু <OR> আফ্রিকান্স <OR> ইংরেজি ভাষা <OR> ইংরেজি <OR> জুলু
গায়ান অঞ্চল,ফরাসি
সেশেলস,ফরাসি
সোনকাজারভি,ফিনিশ
লুগানস্ক,রুশ
পুমালা,ফিনিশ
সেবু,ফিলিপিনো
আর্জেন্টিনা প্রজাতন্ত্র,স্প্যানিশ
মাইক্রোনেশিয়া,ইংরেজি
কর্প্প্পো।,ফিনিশ
প্যারিক্কালা,ফিনিশ
স্লোভাক সমাজতান্ত্রিক প্রজাতন্ত্র,স্লোভাক
ডিআর কঙ্গো,ফরাসি
ইঙ্গা,সুইডিশ <OR> ফিনিশ
স্প্যানিশ,কাতালান <OR> গ্যালিসিয়ান <OR> কাতালান ভাষা <OR> বাস্ক <OR> বাস্ক উপনাম <OR> স্প্যানিশ ভাষা <OR> কাতালান <OR> কাস্তিলিয়ান
ইউক্রেন,ইউক্রেনীয় <OR> ইউক্রেনিফাইড <OR> ইউক্রেনীয় <OR> ইউক্রেন <OR> ইউক্রেনীয় ভাষা <OR> ইউক্রেনীয় ভাষা <OR> ইউক্রেনীয় ভাষা <OR> রুশ
এনসি,ইংরেজি
এনই,ইংরেজি ভাষা <OR> ইংরেজি
অর্থডক্স,গির্জা স্লাভনিক <OR> সার্বিয়ান <OR> সার্বিয়ান সিরিলিক
এরোভান,আর্মেনিয়ান
রুশ জারশাহী,রুশ
ইন্দোনেশীয় দ্বীপপুঞ্জ,ইন্দোনেশীয়
তাওয়ি-তাওয়ি,সিনামা
বটসওয়ানা,ইংরেজি ভাষা <OR> ইংরেজি
ইউক্রেনীয়,রুশ ভাষা <OR> রুশ
হেলেনাইজড,ইতালি
ফিন্নো,ফিনিশ
ফিলিপাইন দ্বীপপুঞ্জ,ফিলিপিনো
মায়োর্কা,কাস্তিলিয়ান স্প্যানিশ <OR> স্প্যানিশ <OR> কাতালান <OR> কাতালান ভাষা
ভ্যালরবে।,ফরাসি
সালাজার শাসন ব্যবস্থা,পোর্তুগিজ
ইউআরএসএস,রুশ
ফিজি দ্বীপপুঞ্জ,ইংরেজি <OR> হিন্দি <OR> ফিজিয়ান
কিমিনকি।,ফিনিশ
সেবু,ইংরেজি <OR> সেবুয়ানো <OR> ফিলিপিনো
সাহরাওই,স্প্যানিশ
কালিক্স,সুইডিশ <OR> সুইডিশ ভাষা <OR> ফিনিশ
পূর্ব বাংলা,বাংলা
লোভিসা,সুইডিশ <OR> সুইডিশ-ভাষা <OR> সুইডিশ ভাষাভাষী <OR> ফিনিশ
সাম্বর,ইউক্রেনীয়
আইসোজোকি,ফিনিশ
রাপা নুই,স্প্যানিশ
জর্জিয়ান অর্থোডক্স চার্চ,জর্জিয়ান ভাষা <OR> ქართული
লখনউ,উর্দু <OR> ইংরেজি <OR> ইংরেজি ভাষা <OR> হিন্দি <OR> উর্দু ভাষা
এলপিডিআর,লাও
কোটকা,ফিনিশ
ভ্যালেন্সিয়া,স্প্যানিশ <OR> কাতালান ভাষাতত্ত্ব <OR> কাতালান ভাষা <OR> ভ্যালেন্সিয়ান <OR> কাতালান
সিআইএস,রুশ ভাষা <OR> রুশ
স্বাজিল্যান্ড,স্বাজি ভাষা <OR> স্বাজি <OR> সিসওয়াতি <OR> ইংরেজি <OR> স্বাতী ভাষা <OR> স্বাতী <OR> স্বাজি <OR> সিসওয়াতি
নিউফাউন্ডল্যান্ডার,ইংরেজি
জার্মানি,ডিই। <OR> জার্মান <OR> জার্মানিক <OR> মানক জার্মান <OR> জার্মান ভাষা <OR> মানক জার্মান <OR> জার্মান ভাষা <OR> জার্মান ভাষা <OR> জার্মান <OR> জার্মান ভাষা <OR> জার্মান-ভাষা <OR> লো জার্মান <OR> আধুনিক জার্মান
সুয়োনেনজোকি,ফিনিশ
বেলজিয়াম,NL <OR> জার্মান। <OR> ফরাসি <OR> জার্মান ভাষা <OR> ফ্রাঙ্কোফোন <OR> জার্মান ভাষা <OR> ফরাসি ভাষা <OR> ডাচ ভাষা <OR> জার্মানভাষী <OR> জার্মানিক <OR> ফরাসি ভাষা <OR> ডাচ ভাষা <OR> ফরাসি ভাষা <OR> জার্মান ভাষা <OR> ডাচ ভাষা <OR> ডাচ <OR> ডিই। <OR> ফ্লেমিশ ডাচ <OR> ফ্রাঙ্কোফোন
বর্গো ল্যান্ডকমিউন,সুইডিশ
ওডেসা,ইউক্রেনীয় <OR> রুশ
ম্যাসেডোনিয়ানরা।,ম্যাসেডোনিয়ান <OR> মানক ম্যাসেডোনিয়ান
লা রিওখা,স্প্যানিশ
এটি,ডি।
কাবারদিনো-বালকারিয়া প্রজাতন্ত্র,কারাচায়-বালকার <OR> কাবার্দিয়ান <OR> রুশ
কোইম্বাটোর শহর,தமிழ் மொழி <OR> தமிழ்
আর্জেন্টিনা,স্প্যানিশ ভাষা <OR> স্প্যানিশ <OR> স্প্যানিশ ভাষা <OR> কাস্তেল্লানো <OR> হিস্পানিক <OR> কাস্তিলিয়ান
জারবাদী রাশিয়া,পোলিশ <OR> রুশ <OR> পোলিশ ভাষা
ভেহমা।,ফিনিশ
ফরাসি রাষ্ট্র,ফরাসি
সালভাদর,স্প্যানিশ <OR> হিস্পানিক <OR> কাস্তিলিয়ান
জাবাইকালস্কি ক্রাই,রুশ
রুশ এসএফএসআর,রুশ ভাষা <OR> রুশ
ইলি-ইই,ফিনিশ
এউরাজোকি,ফিনিশ
মেন্ট্টা-ভিল্পুলা,ফিনিশ
আরাগন,স্প্যানিশ <OR> পুরানো ক্যাটালান <OR> আরাগোনিজ ভাষা <OR> লাতিন <OR> আরাগোনিজ <OR> কাতালান ভাষা <OR> স্প্যানিশ ভাষা <OR> কাতালান
সাবা,ইংরেজি <OR> ডাচ
অন্টারিও,এংলিকাইজড <OR> ইংরেজি ভাষা <OR> ইংরেজি <OR> অ্যাংলোফোন <OR> অ্যাংলোফোন
সার্বিয়া-মন্টেনেগ্রো,সার্বিয়ান
বিশ্ব স্বাস্থ্য সংস্থা,ইংরেজি <OR> রুশ <OR> ফরাসি
আদিগেয়া,রুশ
মস্কো,পুরাতন রুশ <OR> রুশ
পশ্চিম কেপ,জোশা <OR> ইংরেজি <OR> আফ্রিকানস
ওউলেইনেন,ফিনিশ
ট্রিনিদাদ,ইংরেজি
ইমাত্রা,ফিনিশ
সুইডিশ,সুইডিশ
ভেনেটিয়া,ইতালীয় <OR> ভেনিসিয়ান
মিসিসিপি,ইংরেজি ভাষা <OR> ইংরেজি
আইডাহো,ইংরেজি
পার্সিয়ানরা,ফারসি <OR> প্রাচীন গ্রীক
"রোভিও, টিসিনো।",ইতালীয়
উত্তর ওসেতিয়া–আলানিয়া,অসেতিয়ান <OR> রুশ <OR> অসেতিয়ান
কেতসালটেনাঙ্গো,স্প্যানিশ <OR> ম্যাম।
মেক্সিকান-আমেরিকান,ইংরেজি
কুস্তাভি,ফিনিশ ভাষা <OR> ফিনিশ
গ্র্যান্ডভ্যাল,ফরাসি
ইউইএফএ,ইংরেজি <OR> ফরাসি
কাবি,স্প্যানিশ
রাউমো,ফিনিশ
বোলজানো,মানক জার্মান <OR> ইতালীয় ভাষা <OR> ইতালীয়
শ্রীলঙ্কা,සිංහල <OR> සිංහල භාෂාව <OR> সিংহলী <OR> සිංහල භාෂාව <OR> සිංහල <OR> සිංහල <OR> සිංහල භාෂාව <OR> සිංහල-භාෂා <OR> தமிழ் மொழி <OR> தமிழ் மொழி <OR> তামিল স্টেশন <OR> සිංහල භාෂාව <OR> தமிழ்
আজারবাইজান এসএসআর,রুশ
বুরিয়াতিয়া,রুশ <OR> বুরিয়াত
ডোনেৎস্ক,ইউক্রেনীয় <OR> রুশ <OR> ইউক্রেনীয় ভাষা
ডান্ডি,স্কটিশ <OR> ইংরেজি <OR> ENG <OR> লোল্যান্ড স্কটস <OR> স্কটস
বাসেল-স্টাড্ট,জার্মান-ভাষা
মারিয়াহাম্ন,সুইডিশ <OR> সুইডিশ ভাষী
ভালটিমো,ফিনিশ
কারাচায়–চেরকেস প্রজাতন্ত্র,কাবার্দিয়ান <OR> আবাজা ভাষা <OR> আবাজা ভাষা <OR> আবাজা <OR> কারাচায়-বালকার <OR> রুশ
অ্যারিজোনা,ইংরেজি ভাষা <OR> ইংরেজি
বেলারুশিয়ান এসএসআর,রুশ <OR> বেলারুশিয়ান
কোক্কোলা,সুইডিশ <OR> ফিনিশ
ডিকে,ড্যানিশ
আবখাজেতি,রুশ
কাউহাভা,ফিনিশ
স্বায়ত্তশাসিত বাস্ক সম্প্রদায়,স্প্যানিশ
পাপুয়া নিউ গিনি,ইংরেজি ভাষা <OR> ইংরেজি <OR> অ্যাংলোফোনস <OR> টোক পিসিন
ওয়াসা।,সুইডিশ
আন্তর্জাতিক অলিম্পিক কমিটি (আইওসি),ইংরেজি <OR> ফরাসি
জাতিসংঘ,রুশ ভাষা <OR> পুতংহুয়া <OR> স্প্যানিশ <OR> ইংরেজি <OR> ফরাসি <OR> রুশ ভাষা <OR> স্প্যানিশ ভাষা <OR> রুশ <OR> অ্যাংলোফোন
আন্তর্জাতিক ফ্রাঙ্কোফোন প্রেস ইউনিয়ন,ফ্রাঙ্কোফোন <OR> ফরাসি <OR> ফ্রাঙ্কোফোন
যুক্তরাজ্য,ইংরেজি <OR> ওয়েলশ
কোকার।,সুইডিশ
বন্ধুত্বপূর্ণ দ্বীপপুঞ্জ,টঙ্গান
জোএনসু,ফিনিশ ভাষা <OR> ফিনিশ
চুভাশিয়া,চুভাশ ভাষা <OR> রুশ
বেনেলাক্স ইউনিয়ন,ডাচ <OR> ফরাসি
ডোমিনিকান-আমেরিকান,স্প্যানিশ <OR> স্প্যানিশ ভাষা
সুইডিশরা,সুইডিশ
আলজেরিয়া,আমাজিগ <OR> বারবার ভাষাসমূহ <OR> বারবার <OR> তামাজিঘ্ত <OR> বারবার ভাষা <OR> বারবার ভাষার উপভাষাসমূহ
চীনা সাম্রাজ্য,চীনা
কাতালুনিয়া,স্প্যানিশ <OR> কাতালান
এলপিআর,ইউক্রেনীয় <OR> রুশ
ভিয়েতনাম,ভিয়েতনামী
মরিশাস দ্বীপ,ইংরেজি
মন্টেনেগ্রিন,আলবেনিয়ান <OR> সার্বিয়ান সিরিলিক <OR> সার্বিয়ান <OR> ক্রোয়েশিয়ান
লিমোজিনের ইতিহাস,ফরাসি
কোরিয়া,কোরিয়ান ভাষা <OR> কোরিয়ান ভাষা <OR> হাঙ্গুল <OR> আধুনিক কোরিয়ান <OR> উত্তর কোরীয় <OR> বাংলা
টিসিনো,ইতালীয় ভাষা <OR> ইতালীয় <OR> ইতালীয় উপভাষাসমূহ।
ম্যান্ডেট প্যালেস্টাইন,হিব্রু <OR> হিব্রু ভাষা <OR> ইংরেজি
জাতিসংঘ,স্প্যানিশ <OR> ফরাসি
বুলগেরিয়ানরা,পুরাতন গির্জা স্লাভনিক <OR> পুরাতন বুলগেরিয়ান
ফিলিপিনো,পিলিপিনো <OR> ইংরেজি
পরি,ফিনিশ ভাষা <OR> ফিনিশ
বার্নিসিয়া,পুরাতন ইংরেজি <OR> অ্যাংলো-স্যাক্সন
বেলজিয়ান,ফরাসি ভাষা <OR> ডাচ <OR> ডাচ ভাষা <OR> জার্মান স্টাডিজ <OR> NL <OR> ফরাসি ভাষা <OR> ফরাসি <OR> ফরাসি ভাষা <OR> ফ্রাঙ্কোফোন <OR> ডাচ ভাষা <OR> ফ্রাঙ্কোফোন
ভোপাল,হিন্দি <OR> হিন্দি ভাষা
অটোমান সুলতান,অটোমান তুর্কি
ভাস্কনিল,রুশ ভাষা
দক্ষিণ আফ্রিকান,ইংরেজি <OR> আফ্রিকান্স ভাষা <OR> জুলু ভাষা <OR> আফ্রিকান্স
পশ্চিম মেক্সিকো,স্প্যানিশ
সোডানকাইলা,ফিনিশ
আসিরিয়ান,আক্কাদীয়ান <OR> আরামাইক
সোভিয়েত রাশিয়া (রাষ্ট্রের অপ্রাতিষ্ঠানিক নাম),রুশ
"ওরাঞ্জেস্টাড, আরুবা।",ডাচ <OR> পাপিয়ামেন্টো
গ্রীক গির্জা,গ্রীক
চিং সাম্রাজ্য,চীনা <OR> মানচু <OR> মঙ্গোলিয়ান
এস্কিলস্টুনা পৌরসভা,সুইডিশ
জামাইকা,ইংরেজি ভাষা <OR> ইংরেজি <OR> অ্যাংলোফোন
জায়ার,ফরাসি
পাটনা,ভোজপুরী <OR> হিন্দি <OR> মাগাহী <OR> মাগধী
অ্যাকোয়ারোসা,ইতালীয়
গোলাপী দ্বীপের প্রজাতন্ত্র,এস্পেরান্তিস্ট <OR> এস্পেরান্তো
দক্ষিণ ওসেতিয়া,অসেতিয়ান <OR> জর্জিয়ান <OR> ওসেটি <OR> অসেতিয়ান ভাষা <OR> রুশ <OR> অসেতিয়ান
কার্থেজীয়,পুনিক
পূর।,স্প্যানিশ <OR> ইংরেজি
জমশেদপুর,ইংরেজি ভাষা <OR> ইংরেজি <OR> হিন্দি
মাদ্রাজ,তামিল চলচ্চিত্র <OR> தமிழ் மொழி <OR> தமிழ் மொழி <OR> தமிழ் <OR> தமிழ் மொழி
ট্রিনিদাদীয়,ইংরেজি
ইউরোপীয় মহাকাশ সংস্থা,ফরাসি
ইলিনয়,ইংরেজি
বেয়ার্নের ভিসকাউন্টস,গ্যাসকনি <OR> গ্যাসকন
মুক্ত অঞ্চল,ফরাসি
গুয়াম,চামোরু <OR> ইংরেজি <OR> চামোরো ভাষা <OR> চামোরো <OR> চামোরু
ত্রোসা পৌরসভা,ফিনিশ
নোভা স্কোশিয়া,ইংরেজি
প্রিন্স এডওয়ার্ড দ্বীপ,ইংরেজি
ত্রিবান্দ্রুম,মালায়ালম
আহ!,ফরাসি
পোরভু,সুইডিশ <OR> ফিনিশ ভাষা <OR> ফিনিশ ভাষা <OR> ফিনিশ
মিহিক্কালা,ফিনিশ
নুনাভুট অঞ্চল,ইনুইননাকটুন
উদ্দেভাল্লা পৌরসভা,সুইডিশ
ডব্লিউসি,ইংরেজি <OR> আফ্রিকান্স
বোটকির্কা পৌরসভা,সুইডিশ
মাইকোলাইভ অঞ্চল,রুশ ভাষা <OR> ইউক্রেনীয় <OR> রুশ
আখেমেনিড,এলামite <OR> ক্লাসিক্যাল গ্রীক <OR> প্রাচীন গ্রীক <OR> গ্রিক <OR> পুরাতন পার্সিয়ান
টঙ্গান,ইংরেজি <OR> টঙ্গান ভাষা
মন্টেনেগ্রিনস,সার্বিয়ান ভাষা <OR> মন্টেনেগ্রিন ভাষা
বিহান্তি,ফিনিশ
মলদোভা প্রজাতন্ত্র,মলদোভা <OR> রোমানিয়ান
পেরু,স্প্যানিশ <OR> কেচুয়া <OR> স্প্যানিশ ভাষা <OR> কাস্তেল্লানো <OR> হিস্পানিক
සිංහල,সিহালা <OR> සිංහල භාෂා <OR> তামিল সিনেমা <OR> தமிழ்
পাকিস্তান-প্রশাসিত কাশ্মীর,কাশ্মীরি ভাষা
বৌদিনার,আমাজিগ
উত্তর-পশ্চিম স্পেন,স্প্যানিশ
তাজিকিস্তানি,তাজিক
সামাঙ্গান প্রদেশ,উজবেক
স্নাসা,দক্ষিণ সামি ভাষা <OR> দক্ষিণ সামি
খোরাসান প্রদেশ,ফার্সি
এসডি,ইংরেজি
গ্যাবন,ফরাসি
আলতাই প্রজাতন্ত্র,রুশ
তাইপালসারি,ফিনিশ
আমরাবতী,মারাঠি
এরিত্রিয়া,ইংরেজি <OR> টিগ্রিনিয়া <OR> টিগ্রিনিয়া <OR> টিগ্রিনিয়া ভাষা
আখেমেনিড সাম্রাজ্য,এলামite <OR> প্রাচীন গ্রীক <OR> পুরাতন পার্সিয়ান ভাষা। <OR> গ্রিক <OR> পুরাতন পার্সিয়ান
নিউশাতেল ক্যান্টন,ফরাসি
ট্রান্সভাল প্রজাতন্ত্র,ডাচ
নিমরোজ,দারি।
মোজাম্বিকের,পোর্তুগিজ
ভিম্পেলি,ফিনিশ
উত্তর আয়ারল্যান্ড,ইংরেজি ভাষা <OR> ইংরেজি <OR> অ্যাঙ্গ্লিকাইজড
চিং চীনা,চীনা
কর্ক কাউন্টি,আইরিশ
রাউতাভারা,ফিনিশ
আলাভুস,ফিনিশ
এগল,ফরাসি ভাষা <OR> ফরাসি
গ্যালিসিয়া,গ্যালিসিয়ান <OR> গ্যালিসিয়ান ভাষা
নাম্মি-পুসুলা,ফিনিশ
রুশ জার,রুশ
ওটো-মিসৌরিয়া ভারতীয় উপজাতি,চিওয়ের ভাষা
আলতায়,রুশ
স্কল্ট সামি,"ইনারি, ফিনল্যান্ড। <OR> আনার"
অস্টুরিয়াস,অস্টুরিয়ান <OR> স্প্যানিশ
রিউনিয়ন,ফরাসি
স্যাস্কাচেওয়ান,ফরাসি ভাষা <OR> ইংরেজি <OR> ফরাসি <OR> ফরাসি ভাষা <OR> ফ্রাঙ্কোফোন <OR> ফ্রাঙ্কোফোন
পুয়ের্তো রিকো,স্প্যানিশ ভাষা <OR> ইংরেজি ভাষা <OR> স্প্যানিশ <OR> ইংরেজি <OR> স্প্যানিশ ভাষা <OR> স্প্যানিশ ভাষা <OR> হিস্পানিক <OR> ইউরোপীয় স্প্যানিশ
হললোলা।,ফিনিশ
লা গোমেরা,স্প্যানিশ
নিউ ব্রunswick,ইংরেজি ভাষা <OR> ইংরেজি <OR> ইংরেজি ব্যাকরণ <OR> অ্যাংলোফোন
পশ্চিম গ্রিনল্যান্ড,গ্রিনল্যান্ডিক <OR> কালাল্লিসুত ভাষা <OR> গ্রিনল্যান্ডীয় ভাষা
খাবারভস্ক ক্রাই,রুশ
সুরিনাম,ডাচ
টোবাগো,ইংরেজি
লা শো-দে-ফঁ,ফরাসি ভাষা <OR> ফরাসি
সামারিনিজ,ইতালীয়
দাগেস্তান প্রজাতন্ত্র,লেজগিয়ান <OR> কুমিক <OR> আজারবাইজানী <OR> রুতুল <OR> আজারবাইজানি <OR> রুশ
রুশ সোভিয়েত সমাজতান্ত্রিক প্রজাতন্ত্র,রুশ
ভ্যালেন্সিয়ান কমিউনিটি,ভ্যালেন্সিয়ান ভাষা <OR> স্প্যানিশ <OR> কাতালান ভাষা <OR> ভ্যালেন্সিয়ান <OR> স্প্যানিশ ভাষা <OR> ভ্যালেন্সিয়ান ভাষা <OR> ভ্যালেন্সিয়ান ভাষা <OR> কাতালান
নামিবিয়া,ইংরেজি <OR> শব্দশব্দে ইংরেজি
ক্রিস্টিনানকaupunki,সুইডিশ <OR> ফিনিশ
ভিশি শাসন,ফরাসি
ইসালমি,ফিনিশ
ডাচ ইউনিয়ন,ডাচ
হাপাভেসি,ফিনিশ
উত্তর মারিয়ানা দ্বীপপুঞ্জ,ক্যারোলিনিয়ান ভাষা
কীকোইনেন,ফিনিশ
ফারসি,দারি <OR> এলামite <OR> প্রাচীন গ্রীক <OR> ফার্সি <OR> পার্সি <OR> গ্রীক <OR> পুরাতন পার্সিয়ান
লাটভিয়া,লাতভিয়ান ভাষা <OR> লাতভিয়ান
এনডিএইচ,ক্রোয়েশিয়ান
স্পেনের রাজতন্ত্র,স্প্যানিশ
লপ্পি,ফিনিশ
আলবুইক্সেচ,স্প্যানিশ
গাম্বিয়া,ইংরেজি <OR> অ্যাংলোফোন
হায়দ্রাবাদ,తెలుగు భాష <OR> తెలుగు భాష <OR> উর্দু <OR> বাংলা <OR> উর্দু ভাষা <OR> తెలుగు
নাইজার,ফ্রাঙ্কোফোন <OR> ফরাসি ভাষা <OR> ফরাসি <OR> ফ্রাঙ্কোফোন
প্রেচিস্টোয়ে,রুশ
টঙ্গা দ্বীপপুঞ্জ,টঙ্গান ভাষা
গভর্নর-জেনারেল,ইংরেজি ভাষা <OR> ইংরেজি
শাখুন্য,রুশ
জেনেভা,ফরাসি
ফার্সি ইতিহাস,ফারসি
কাজভিন,ফারসি
ওকলাহোমা,ইংরেজি
সিয়াম,থাই <OR> থাই ভাষা
ডাইফেড,ওয়েলশ
ড্যানিশ,ডেনিশ ভাষা <OR> ডেনিশ ভাষা
সস্তমালা,ফিনিশ
দক্ষিণ ডাকোটা,ইংরেজি
পর।,পোর্তুগিজ
পশ্চিম ফ্রিজিয়ানরা,ডাচ
পশ্চিম পাপুয়া প্রদেশ,ইন্দোনেশীয় <OR> ইন্দোনেশিয়া
ব্রিটিশ উপনিবেশিক শাসন,চীনা
ইয়েরেভান,আর্মেনিয়ান <OR> আধুনিক আর্মেনিয়ান
তুভা,তুভান <OR> তুভিন। <OR> টিভান <OR> তুভিনিয়ান <OR> রুশ <OR> রুশ ভাষা
যাকোবস্টাড,সুইডিশ <OR> ফিনিশ
নাইকর্লেবি,সুইডিশ <OR> সুইডিশ-ভাষা <OR> ফিনিশ
রুশ সাম্রাজ্য আদালত,রুশ ভাষা <OR> রুশ
ক্রোয়েশিয়া,মন্টেনেগ্রিন <OR> সার্বিয়ান
দক্ষিণ আফ্রিকান প্রজাতন্ত্র,ডাচ <OR> ডাচ ভাষা
সুলকাভা,ফিনিশ
বিশ্বজনীন এস্পেরান্তো সমিতি,এস্পেরান্তো
তাম্মেলা,ফিনিশ
এনডি,ইংরেজি
রিওজান,স্প্যানিশ <OR> কাস্তিলিয়ান
কন্টিওলাহতি,ফিনিশ
ফেডারেল সংবিধান,রোমানশ <OR> ইতালীয় <OR> ফরাসি
কানারিয়ান,স্প্যানিশ
ইনারি,"ইনারি, ফিনল্যান্ড। <OR> আনার"
লেমি।,ফিনিশ
ম্যানের দ্বীপ,ইংরেজি <OR> ম্যানx ভাষা
আখেমেনিড পারস্য সাম্রাজ্য,গ্রীক <OR> পুরাতন পার্সিয়ান
ওউলু,ফিনিশ ভাষা <OR> ফিনিশ
নিউ হ্যাম্পশায়ার,ইংরেজি
বসনিয়া-হার্জেগোভিনা,সার্বিয়ান সিরিলিক <OR> ক্রোয়েশিয়ান <OR> সার্বিয়ান <OR> সার্বিয়ান ল্যাটিন
মানিনকা,ফিনিশ
তুর্কমেনিয়ান,রুশ
ম্যাকাওবাসী,পোর্তুগিজ
হাউসজারভি,ফিনিশ
কোস্টা রিকা,স্প্যানিশ ভাষার <OR> স্প্যানিশ <OR> স্প্যানিশ ভাষা <OR> ইএস। <OR> কাস্তিলিয়ান
উত্তর ডাকোটা,ইংরেজি
কুর্তানে,ফিনিশ
পবিত্র সী,ইতালীয় <OR> লাতিন
ভ্যাটিকান রাষ্ট্র,ইতালীয়
লুট্রি,ফরাসি
আর্জেন্টিনীয়,স্প্যানিশ
ভ্যালেন্সিয়ান দেশ,স্প্যানিশ <OR> কাতালান <OR> ভ্যালেন্সিয়ান
মধ্য আফ্রিকান প্রজাতন্ত্র (কার),ফরাসি
অস্তুরিয়াস এবং লিওনের সার্বভৌম কাউন্সিল,স্প্যানিশ
উত্তর ভারত,হিন্দি
কসোভারের,সার্বিয়ান
এনএফবি,ফরাসি ভাষা <OR> ইংরেজি <OR> ফরাসি ভাষা <OR> ফরাসি
মেরিজার্ভি,ফিনিশ
ইবিজা,স্প্যানিশ <OR> কাতালান
আইওয়া,ইংরেজি ভাষা <OR> ইংরেজি
সোভিয়েত ইউনিয়ন,রুশ
ভাল দ'আরান,গ্যাসকন <OR> স্প্যানিশ <OR> প্রোভেনসাল <OR> অক্সিটান <OR> অক্সিটান ভাষা <OR> কাতালান <OR> কাতালান
ভড।,ফরাসি ভাষা <OR> ফরাসি <OR> ফরাসি ভাষা <OR> ফ্রাঙ্কোফোন <OR> ফ্রাঙ্কোফোন
বুরুন্ডি,ইংরেজি <OR> রুন্ডি <OR> ফরাসি <OR> কিরুন্ডি
রোমান্স,লাতিন
স্বাধীন সহযোগী রাষ্ট্র,ইংরেজি
উত্তর মারিয়ানা দ্বীপপুঞ্জ,ইংরেজি <OR> চামোরো <OR> চামোরু <OR> ক্যারোলিনিয়ান
ফিনস্ট্রোম,সুইডিশ
ভলসিনিয়ি।,এট্রাস্কান
সামোয়ান দ্বীপপুঞ্জ,সামোয়ান ভাষা <OR> সামোয়ান
ট্রান্সনিস্ট্রিয়া,ইউক্রেনীয় <OR> রুশ
আইভরি কোস্ট,ফরাসি <OR> ফ্রাঙ্কোফোন
ভার্কাউস,ফিনিশ
সাম্রাজ্যবাদী রাশিয়া,পোলিশ <OR> রুশ
বেলিনজোনা,ইতালীয় ভাষা <OR> ইতালীয়
কেবেকবাসী,ফরাসি
বাহামাস,ইংরেজি <OR> অ্যাংলোফোন
কার্ককিলা,ফিনিশ
মাল্টিজ দ্বীপপুঞ্জ,মাল্টিজ
নেদারল্যান্ডস অ্যান্টিলিস,ডাচ <OR> পাপিয়ামেন্টো <OR> ইংরেজি <OR> ডাচ ভাষা <OR> পাপিয়ামেন্টু
সুয়োমুসসালমি,ফিনিশ
চেকোস্লোভাক প্রজাতন্ত্র,স্লোভাক
ফরাসি ওশেনিয়া,ফরাসি
হেমেনকিরো,ফিনিশ
বেলারুশিয়ান সোভিয়েত সমাজতান্ত্রিক প্রজাতন্ত্র,রুশ
ইইসি,স্প্যানিশ <OR> ফরাসি
এভিজার্ভি,ফিনিশ
কারেলিয়া,রুশ ভাষা <OR> রুশ
হরিয়ানভি,হিন্দি <OR> মানক হিন্দি
মস্কোভাইট,রুশ
স্টকহোম কাউন্টি কাউন্সিল,সুইডিশ
প্রিডনেস্ত্রোভিয়ান মোলদাভিয়ান প্রজাতন্ত্র,ইউক্রেনীয় <OR> মলদোভা <OR> মলদোভিয়ান <OR> রুশ <OR> মলদোভান
খুরাসান,ফার্সি
আরভিডসজাউর পৌরসভা,সুইডিশ
ইসলামিক প্রজাতন্ত্র,ফার্সি
জম্মু ও কাশ্মীর,উর্দু
ক্যারিবিয়ান নেদারল্যান্ডস,ইংরেজি <OR> ডাচ
বেক্স।,ফরাসি
ফ্রিসল্যান্ড,ডাচ <OR> পশ্চিম ফ্রিজিয়ান ভাষা <OR> ফ্রিজিয়ান ভাষা <OR> পশ্চিম ফ্রিজিয়ান <OR> পশ্চিম ফ্রিজিয়ান ভাষা <OR> ফ্রিজিয়ান
ঘজনী,দারি।
উটসজোকি,ফিনিশ
ইনকা,কেচুয়া <OR> কেচুয়া
তুভা প্রজাতন্ত্র,তুভান <OR> রুশ
লে লোকল,ফরাসি
পূর্ব রোমান সাম্রাজ্য,মধ্যযুগীয় গ্রীক <OR> লাতিন
রুশ,সুইডিশ <OR> পোলিশ <OR> ফিনিশ <OR> রুশীকৃত <OR> স্লাভনিক <OR> আদিগেহ <OR> আবাজা <OR> অভার। <OR> মেডো মেরি <OR> রুশ ভাষা <OR> অসেতিয়ান
জার্সিয়াস,ইংরেজি <OR> ফরাসি
কিয়েভের রাজ্য,পুরাতন পূর্ব স্লাভিক
পিল্লাই (সম্প্রদায়),தமிழ்
সার্বিয়ান গির্জা,সার্বিয়ান
পোমো মানুষ,পোমোয়ান ভাষাসমূহ <OR> পোমো। <OR> পোমoan <OR> পোমোয়ান ভাষা
জাপান-সংক্রান্ত,জাপানি ভাষা
গোথেনবার্গ,সুইডিশ
ভিয়েরেমা,ফিনিশ
আলটা ভেরাপাজ,স্প্যানিশ
পূর্ব রোমান,লাতিন
নেপাল,নেপালি <OR> মানক নেপালি <OR> নেপালি ভাষা <OR> নেপালি ভাষা <OR> নেপালি ভাষা <OR> মানক নেপালি
আলতাই ক্রাই,রুশ
তৃতীয় রাইখ,জার্মান ভাষা
দক্ষিণ সুদান,ইংরেজি
ওরুজগান,দারি
কাসকিনেন,সুইডিশ <OR> ফিনিশ
নিকোলায়েভ অঞ্চল,রুশ
ফ্রাঙ্কোফোন বেলজিয়াম,ফরাসি
উত্তর ওসেতিয়া,রুশ
ইউরা,ফিনিশ
পুলি,ফরাসি
ডায়েটিকন,জার্মান ভাষা
গ্র্যান্ড-সাকোনেক্স,ফরাসি
পূর্ব তুরস্ক,তুর্কি
কিট্টিলä,ফিনিশ
লুসো।,পোর্তুগিজ
সুন্ডবাইবার্গ,সুইডিশ
হাইভিনকää,ফিনিশ
জাতিসংঘ,স্প্যানিশ <OR> ইংরেজি <OR> ফরাসি <OR> রুশ ভাষা <OR> ইএস। <OR> অ্যাংলোফোন <OR> রুশ
ওডেসা আঞ্চলিক রাষ্ট্র প্রশাসন,ইউক্রেনীয়
আজারবাইজান এসএসআর,আজারবাইজানী <OR> আজারবাইজানি <OR> রুশ <OR> রুশ ভাষা
চুভাশ ভাষা,চুভাশিয়া
কিউবা,স্প্যানিশ ভাষা <OR> হিস্পানো <OR> স্প্যানিশ <OR> স্প্যানিশ ভাষা <OR> স্প্যানিশ ভাষা
বেলারুশিয়ান পিপলস রিপাবলিক,বেলারুশিয়ান
মোনাকো,ফরাসি <OR> ফ্রাঙ্কোফোন
বিরাট,ফিনিশ
বুগান্ডা রাজ্য,লুগান্ডা
ফিলিপাইন প্রজাতন্ত্র,ইংরেজি <OR> ফিলিপিনো
ফিন।,সুইডিশ <OR> ফিনিশ
ভ্যাকালো,ইতালীয়
রিস্টিজার্ভি,ফিনিশ
বুলগেরিয়ান,স্লাভনিক <OR> মধ্যযুগীয় গ্রীক <OR> পুরাতন গির্জা স্লাভনিক <OR> পুরাতন বুলগেরিয়ান <OR> বুলগেরিয়ান সিরিলিক <OR> বুলগার <OR> গির্জা স্লাভনিক <OR> বাইজেন্টাইন গ্রীক
মিডলটাউন,ইংরেজি
কেন্টাকির বাসিন্দা,ইংরেজি
নাঙ্গারহার প্রদেশ,দারি।
টোগো,ফরাসি
জিবুতী,ফরাসি
ব্রিটিশ হংকং,চীনা
কান্ননকোস্কি,ফিনিশ
টিয়ার্প পৌরসভা,সুইডিশ
"ইউক্রেন, সোভিয়েত।",ইউক্রেনীয় <OR> রুশ
নতুন প্রজাতন্ত্র,ডাচ
পূর্বাধিকারিক,বুলগেরিয়ান
বুরিয়াত,রুশ
বোফুথাত্সওয়ানা,টসওয়ানা <OR> সেটসওয়ানা <OR> আফ্রিকান্স
ভেসান্তো,ফিনিশ
